2026-02-18 13:27:46,494 - INFO - ---SPHERE---
2026-02-18 13:27:46,495 - INFO - Hyperparameters: w=0.5, c1=1.0, c2=1.0, n_particles=50
2026-02-18 13:27:46,495 - INFO - Best position: [-8.29160412e-10 -6.11219706e-10]
2026-02-18 13:27:46,495 - INFO - Best fitness: 1.061096517899032e-18
2026-02-18 13:27:46,495 - INFO - Iterations: 60
2026-02-18 13:27:46,495 - INFO - Time elapsed: 0.1134 s
2026-02-18 13:27:50,959 - INFO - ---ACKLEY---
2026-02-18 13:27:50,959 - INFO - Hyperparameters: w=0.5, c1=1.5, c2=1.0, n_particles=100
2026-02-18 13:27:50,959 - INFO - Best position: [ 2.95662232e-14 -1.16649902e-14]
2026-02-18 13:27:50,959 - INFO - Best fitness: 8.926193117986259e-14
2026-02-18 13:27:50,959 - INFO - Iterations: 102
2026-02-18 13:27:50,959 - INFO - Time elapsed: 0.3008 s
2026-02-18 13:27:54,526 - INFO - ---ROSENBROCK---
2026-02-18 13:27:54,527 - INFO - Hyperparameters: w=0.5, c1=1.0, c2=1.5, n_particles=100
2026-02-18 13:27:54,527 - INFO - Best position: [1.00000285 1.00000572]
2026-02-18 13:27:54,527 - INFO - Best fitness: 8.157454668710434e-12
2026-02-18 13:27:54,527 - INFO - Iterations: 86
2026-02-18 13:27:54,527 - INFO - Time elapsed: 0.2263 s
2026-02-18 13:27:57,894 - INFO - ---RASTRIGIN---
2026-02-18 13:27:57,894 - INFO - Hyperparameters: w=0.5, c1=1.0, c2=1.0, n_particles=100
2026-02-18 13:27:57,894 - INFO - Best position: [-6.15930346e-10  2.22416708e-09]
2026-02-18 13:27:57,894 - INFO - Best fitness: 0.0
2026-02-18 13:27:57,894 - INFO - Iterations: 72
2026-02-18 13:27:57,894 - INFO - Time elapsed: 0.2331 s
2026-02-18 13:30:07,050 - INFO - ---SPHERE---
2026-02-18 13:30:07,051 - INFO - Hyperparameters: w=0.5, c1=1.0, c2=1.0, n_particles=50
2026-02-18 13:30:07,052 - INFO - Best position: [-8.29160412e-10 -6.11219706e-10]
2026-02-18 13:30:07,052 - INFO - Best fitness: 1.061096517899032e-18
2026-02-18 13:30:07,052 - INFO - Iterations: 60
2026-02-18 13:30:07,052 - INFO - Time elapsed: 0.0530 s
2026-02-18 13:30:12,179 - INFO - ---ACKLEY---
2026-02-18 13:30:12,179 - INFO - Hyperparameters: w=0.5, c1=1.5, c2=1.0, n_particles=100
2026-02-18 13:30:12,179 - INFO - Best position: [ 2.95662232e-14 -1.16649902e-14]
2026-02-18 13:30:12,179 - INFO - Best fitness: 8.926193117986259e-14
2026-02-18 13:30:12,179 - INFO - Iterations: 102
2026-02-18 13:30:12,179 - INFO - Time elapsed: 0.2934 s
2026-02-18 13:30:16,371 - INFO - ---ROSENBROCK---
2026-02-18 13:30:16,372 - INFO - Hyperparameters: w=0.5, c1=1.0, c2=1.5, n_particles=100
2026-02-18 13:30:16,372 - INFO - Best position: [1.00000285 1.00000572]
2026-02-18 13:30:16,372 - INFO - Best fitness: 8.157454668710434e-12
2026-02-18 13:30:16,372 - INFO - Iterations: 86
2026-02-18 13:30:16,372 - INFO - Time elapsed: 0.2134 s
2026-02-18 13:30:18,738 - INFO - ---RASTRIGIN---
2026-02-18 13:30:18,738 - INFO - Hyperparameters: w=0.5, c1=1.0, c2=1.0, n_particles=100
2026-02-18 13:30:18,738 - INFO - Best position: [-6.15930346e-10  2.22416708e-09]
2026-02-18 13:30:18,738 - INFO - Best fitness: 0.0
2026-02-18 13:30:18,738 - INFO - Iterations: 72
2026-02-18 13:30:18,738 - INFO - Time elapsed: 0.1642 s
2026-02-19 08:33:46,246 - INFO - ---SPHERE---
2026-02-19 08:33:46,247 - INFO - Hyperparameters: w=0.5, c1=1.0, c2=1.0, n_particles=50
2026-02-19 08:33:46,247 - INFO - Best position: [-8.29160412e-10 -6.11219706e-10]
2026-02-19 08:33:46,247 - INFO - Best fitness: 1.061096517899032e-18
2026-02-19 08:33:46,247 - INFO - Iterations: 60
2026-02-19 08:33:46,248 - INFO - Time elapsed: 0.0500 s
2026-02-19 08:34:07,116 - INFO - ---ACKLEY---
2026-02-19 08:34:07,117 - INFO - Hyperparameters: w=0.5, c1=1.5, c2=1.0, n_particles=100
2026-02-19 08:34:07,117 - INFO - Best position: [ 2.95662232e-14 -1.16649902e-14]
2026-02-19 08:34:07,117 - INFO - Best fitness: 8.926193117986259e-14
2026-02-19 08:34:07,117 - INFO - Iterations: 102
2026-02-19 08:34:07,117 - INFO - Time elapsed: 0.2675 s
2026-02-19 08:34:22,710 - INFO - ---ROSENBROCK---
2026-02-19 08:34:22,710 - INFO - Hyperparameters: w=0.5, c1=1.0, c2=1.0, n_particles=150
2026-02-19 08:34:22,710 - INFO - Best position: [1.00000005 1.00000009]
2026-02-19 08:34:22,710 - INFO - Best fitness: 4.335058789736192e-15
2026-02-19 08:34:22,711 - INFO - Iterations: 76
2026-02-19 08:34:22,711 - INFO - Time elapsed: 0.2598 s
2026-02-19 08:34:35,211 - INFO - ---RASTRIGIN---
2026-02-19 08:34:35,211 - INFO - Hyperparameters: w=0.5, c1=1.0, c2=1.0, n_particles=100
2026-02-19 08:34:35,211 - INFO - Best position: [-6.15930346e-10  2.22416708e-09]
2026-02-19 08:34:35,211 - INFO - Best fitness: 0.0
2026-02-19 08:34:35,211 - INFO - Iterations: 72
2026-02-19 08:34:35,211 - INFO - Time elapsed: 0.2515 s
2026-02-19 11:34:44,895 - INFO - ---SPHERE---
2026-02-19 11:34:44,898 - INFO - Hyperparameters: w=0.5, c1=1.0, c2=1.0, n_particles=50
2026-02-19 11:34:44,899 - INFO - Best position: [-8.29160412e-10 -6.11219706e-10]
2026-02-19 11:34:44,899 - INFO - Best fitness: 1.061096517899032e-18
2026-02-19 11:34:44,899 - INFO - Iterations: 60
2026-02-19 11:34:44,899 - INFO - Time elapsed: 0.0841 s
2026-02-19 11:35:21,323 - INFO - ---ACKLEY---
2026-02-19 11:35:21,323 - INFO - Hyperparameters: w=0.5, c1=1.5, c2=1.0, n_particles=100
2026-02-19 11:35:21,323 - INFO - Best position: [ 2.95662232e-14 -1.16649902e-14]
2026-02-19 11:35:21,323 - INFO - Best fitness: 8.926193117986259e-14
2026-02-19 11:35:21,324 - INFO - Iterations: 102
2026-02-19 11:35:21,324 - INFO - Time elapsed: 0.4539 s
2026-02-19 11:35:50,653 - INFO - ---ROSENBROCK---
2026-02-19 11:35:50,653 - INFO - Hyperparameters: w=0.5, c1=1.0, c2=1.0, n_particles=150
2026-02-19 11:35:50,654 - INFO - Best position: [1.00000005 1.00000009]
2026-02-19 11:35:50,654 - INFO - Best fitness: 4.335058789736192e-15
2026-02-19 11:35:50,654 - INFO - Iterations: 76
2026-02-19 11:35:50,654 - INFO - Time elapsed: 0.4891 s
2026-02-19 11:36:18,024 - INFO - ---RASTRIGIN---
2026-02-19 11:36:18,025 - INFO - Hyperparameters: w=0.5, c1=1.0, c2=1.0, n_particles=100
2026-02-19 11:36:18,025 - INFO - Best position: [-6.15930346e-10  2.22416708e-09]
2026-02-19 11:36:18,025 - INFO - Best fitness: 0.0
2026-02-19 11:36:18,025 - INFO - Iterations: 72
2026-02-19 11:36:18,025 - INFO - Time elapsed: 0.3819 s
2026-02-19 14:11:40,097 - INFO - ---SPHERE---
2026-02-19 14:11:40,100 - INFO - Hyperparameters: w=0.5, c1=1.0, c2=1.0, n_particles=50
2026-02-19 14:11:40,100 - INFO - Best position: [-8.29160412e-10 -6.11219706e-10]
2026-02-19 14:11:40,100 - INFO - Best fitness: 1.061096517899032e-18
2026-02-19 14:11:40,100 - INFO - Iterations: 60
2026-02-19 14:11:40,100 - INFO - Time elapsed: 0.0515 s
2026-02-19 14:12:01,359 - INFO - ---ACKLEY---
2026-02-19 14:12:01,359 - INFO - Hyperparameters: w=0.5, c1=1.5, c2=1.0, n_particles=100
2026-02-19 14:12:01,359 - INFO - Best position: [ 2.95662232e-14 -1.16649902e-14]
2026-02-19 14:12:01,359 - INFO - Best fitness: 8.926193117986259e-14
2026-02-19 14:12:01,360 - INFO - Iterations: 102
2026-02-19 14:12:01,360 - INFO - Time elapsed: 0.3003 s
2026-02-19 14:12:18,579 - INFO - ---ROSENBROCK---
2026-02-19 14:12:18,579 - INFO - Hyperparameters: w=0.5, c1=1.0, c2=1.0, n_particles=150
2026-02-19 14:12:18,579 - INFO - Best position: [1.00000005 1.00000009]
2026-02-19 14:12:18,579 - INFO - Best fitness: 4.335058789736192e-15
2026-02-19 14:12:18,579 - INFO - Iterations: 76
2026-02-19 14:12:18,580 - INFO - Time elapsed: 0.2929 s
2026-02-19 14:12:32,454 - INFO - ---RASTRIGIN---
2026-02-19 14:12:32,454 - INFO - Hyperparameters: w=0.5, c1=1.0, c2=1.0, n_particles=100
2026-02-19 14:12:32,455 - INFO - Best position: [-6.15930346e-10  2.22416708e-09]
2026-02-19 14:12:32,455 - INFO - Best fitness: 0.0
2026-02-19 14:12:32,455 - INFO - Iterations: 72
2026-02-19 14:12:32,455 - INFO - Time elapsed: 0.1736 s
2026-02-21 16:32:48,607 - INFO - ---SPHERE---
2026-02-21 16:32:48,608 - INFO - [Custom PSO]
2026-02-21 16:32:48,609 - INFO - Best fitness: 1.061096517899032e-18
2026-02-21 16:32:48,609 - INFO - Time elapsed: 0.0503 s
2026-02-21 16:32:48,609 - INFO - [PySwarm Baseline]
2026-02-21 16:32:48,609 - INFO - Best fitness: 5.124844609127679e-10
2026-02-21 16:32:48,609 - INFO - Time elapsed: 0.0474 s
2026-02-21 16:32:48,609 - INFO - Fitness difference: -5.124844598516714e-10
2026-02-21 16:33:12,501 - INFO - ---ACKLEY---
2026-02-21 16:33:12,503 - INFO - [Custom PSO]
2026-02-21 16:33:12,503 - INFO - Best fitness: 8.926193117986259e-14
2026-02-21 16:33:12,503 - INFO - Time elapsed: 0.2887 s
2026-02-21 16:33:12,503 - INFO - [PySwarm Baseline]
2026-02-21 16:33:12,503 - INFO - Best fitness: 1.8666064693917406e-08
2026-02-21 16:33:12,503 - INFO - Time elapsed: 0.2238 s
2026-02-21 16:33:12,503 - INFO - Fitness difference: -1.8665975431986226e-08
2026-02-21 16:33:29,255 - INFO - ---ROSENBROCK---
2026-02-21 16:33:29,255 - INFO - [Custom PSO]
2026-02-21 16:33:29,255 - INFO - Best fitness: 4.335058789736192e-15
2026-02-21 16:33:29,255 - INFO - Time elapsed: 0.2958 s
2026-02-21 16:33:29,255 - INFO - [PySwarm Baseline]
2026-02-21 16:33:29,255 - INFO - Best fitness: 2.291676349994531e-07
2026-02-21 16:33:29,255 - INFO - Time elapsed: 0.1668 s
2026-02-21 16:33:29,255 - INFO - Fitness difference: -2.291676306643943e-07
2026-02-21 16:33:43,386 - INFO - ---RASTRIGIN---
2026-02-21 16:33:43,386 - INFO - [Custom PSO]
2026-02-21 16:33:43,386 - INFO - Best fitness: 0.0
2026-02-21 16:33:43,386 - INFO - Time elapsed: 0.1645 s
2026-02-21 16:33:43,386 - INFO - [PySwarm Baseline]
2026-02-21 16:33:43,386 - INFO - Best fitness: 2.254765263387526e-10
2026-02-21 16:33:43,386 - INFO - Time elapsed: 0.1158 s
2026-02-21 16:33:43,386 - INFO - Fitness difference: -2.254765263387526e-10
2026-02-21 16:36:56,517 - INFO - ---SPHERE---
2026-02-21 16:36:56,519 - INFO - [Custom PSO]
2026-02-21 16:36:56,519 - INFO - Best fitness: 1.061096517899032e-18
2026-02-21 16:36:56,520 - INFO - Iterations: 60
2026-02-21 16:36:56,520 - INFO - Time elapsed: 0.0576 s
2026-02-21 16:36:56,520 - INFO - [PySwarm Baseline]
2026-02-21 16:36:56,520 - INFO - Best fitness: 3.3255350406708525e-09
2026-02-21 16:36:56,520 - INFO - Time elapsed: 0.0481 s
2026-02-21 16:36:56,520 - INFO - Fitness difference: -3.325535039609756e-09
2026-02-21 16:37:26,281 - INFO - ---ACKLEY---
2026-02-21 16:37:26,282 - INFO - [Custom PSO]
2026-02-21 16:37:26,282 - INFO - Best fitness: 8.926193117986259e-14
2026-02-21 16:37:26,282 - INFO - Iterations: 102
2026-02-21 16:37:26,282 - INFO - Time elapsed: 0.2918 s
2026-02-21 16:37:26,282 - INFO - [PySwarm Baseline]
2026-02-21 16:37:26,282 - INFO - Best fitness: 3.2288863582863314e-08
2026-02-21 16:37:26,282 - INFO - Time elapsed: 0.2021 s
2026-02-21 16:37:26,282 - INFO - Fitness difference: -3.2288774320932134e-08
2026-02-21 16:37:48,791 - INFO - ---ROSENBROCK---
2026-02-21 16:37:48,791 - INFO - [Custom PSO]
2026-02-21 16:37:48,791 - INFO - Best fitness: 4.335058789736192e-15
2026-02-21 16:37:48,791 - INFO - Iterations: 76
2026-02-21 16:37:48,791 - INFO - Time elapsed: 0.3527 s
2026-02-21 16:37:48,791 - INFO - [PySwarm Baseline]
2026-02-21 16:37:48,791 - INFO - Best fitness: 1.1185204529615897e-07
2026-02-21 16:37:48,791 - INFO - Time elapsed: 0.1788 s
2026-02-21 16:37:48,791 - INFO - Fitness difference: -1.1185204096110019e-07
2026-02-21 16:38:05,484 - INFO - ---RASTRIGIN---
2026-02-21 16:38:05,485 - INFO - [Custom PSO]
2026-02-21 16:38:05,485 - INFO - Best fitness: 0.0
2026-02-21 16:38:05,485 - INFO - Iterations: 72
2026-02-21 16:38:05,485 - INFO - Time elapsed: 0.1867 s
2026-02-21 16:38:05,485 - INFO - [PySwarm Baseline]
2026-02-21 16:38:05,485 - INFO - Best fitness: 1.9248510341185465e-08
2026-02-21 16:38:05,485 - INFO - Time elapsed: 0.1211 s
2026-02-21 16:38:05,485 - INFO - Fitness difference: -1.9248510341185465e-08
2026-02-21 16:43:15,533 - INFO - ---SPHERE---
2026-02-21 16:43:15,536 - INFO - [Custom PSO]
2026-02-21 16:43:15,536 - INFO - Best fitness: 1.061096517899032e-18
2026-02-21 16:43:15,536 - INFO - Iterations: 60
2026-02-21 16:43:15,536 - INFO - Time elapsed: 0.0568 s
2026-02-21 16:43:15,536 - INFO - [PySwarm Baseline]
2026-02-21 16:43:15,536 - INFO - Best fitness: 2.8667974753108376e-09
2026-02-21 16:43:15,536 - INFO - Time elapsed: 0.0516 s
2026-02-21 16:43:15,536 - INFO - Fitness difference: -2.866797474249741e-09
2026-02-21 16:43:39,484 - INFO - ---ACKLEY---
2026-02-21 16:43:39,484 - INFO - [Custom PSO]
2026-02-21 16:43:39,484 - INFO - Best fitness: 8.926193117986259e-14
2026-02-21 16:43:39,484 - INFO - Iterations: 102
2026-02-21 16:43:39,484 - INFO - Time elapsed: 0.2928 s
2026-02-21 16:43:39,484 - INFO - [PySwarm Baseline]
2026-02-21 16:43:39,485 - INFO - Best fitness: 6.356723192268987e-08
2026-02-21 16:43:39,485 - INFO - Time elapsed: 0.1783 s
2026-02-21 16:43:39,485 - INFO - Fitness difference: -6.356714266075869e-08
2026-02-21 16:44:04,891 - INFO - ---ROSENBROCK---
2026-02-21 16:44:04,892 - INFO - [Custom PSO]
2026-02-21 16:44:04,893 - INFO - Best fitness: 4.335058789736192e-15
2026-02-21 16:44:04,893 - INFO - Iterations: 76
2026-02-21 16:44:04,893 - INFO - Time elapsed: 0.4467 s
2026-02-21 16:44:04,893 - INFO - [PySwarm Baseline]
2026-02-21 16:44:04,893 - INFO - Best fitness: 5.389923877846089e-09
2026-02-21 16:44:04,893 - INFO - Time elapsed: 0.2261 s
2026-02-21 16:44:04,893 - INFO - Fitness difference: -5.3899195427873e-09
2026-02-21 16:44:25,677 - INFO - ---RASTRIGIN---
2026-02-21 16:44:25,678 - INFO - [Custom PSO]
2026-02-21 16:44:25,678 - INFO - Best fitness: 0.0
2026-02-21 16:44:25,678 - INFO - Iterations: 72
2026-02-21 16:44:25,678 - INFO - Time elapsed: 0.2182 s
2026-02-21 16:44:25,678 - INFO - [PySwarm Baseline]
2026-02-21 16:44:25,678 - INFO - Best fitness: 1.6186980644761206e-09
2026-02-21 16:44:25,678 - INFO - Time elapsed: 0.1485 s
2026-02-21 16:44:25,678 - INFO - Fitness difference: -1.6186980644761206e-09
2026-02-21 17:31:28,598 - INFO - ---SPHERE---
2026-02-21 17:31:28,600 - INFO - [Custom PSO]
2026-02-21 17:31:28,600 - INFO - Best fitness: 1.061096517899032e-18
2026-02-21 17:31:28,600 - INFO - Iterations: 60
2026-02-21 17:31:28,600 - INFO - Time elapsed: 0.0549 s
2026-02-21 17:31:28,600 - INFO - [PySwarm Baseline]
2026-02-21 17:31:28,600 - INFO - Best fitness: 4.446998425217318e-08
2026-02-21 17:31:28,600 - INFO - Time elapsed: 0.0457 s
2026-02-21 17:31:28,600 - INFO - Fitness difference: -4.4469984251112084e-08
2026-02-21 17:31:55,124 - INFO - ---ACKLEY---
2026-02-21 17:31:55,124 - INFO - [Custom PSO]
2026-02-21 17:31:55,124 - INFO - Best fitness: 8.926193117986259e-14
2026-02-21 17:31:55,124 - INFO - Iterations: 102
2026-02-21 17:31:55,124 - INFO - Time elapsed: 0.3123 s
2026-02-21 17:31:55,125 - INFO - [PySwarm Baseline]
2026-02-21 17:31:55,125 - INFO - Best fitness: 2.987673797250068e-08
2026-02-21 17:31:55,125 - INFO - Time elapsed: 0.2248 s
2026-02-21 17:31:55,125 - INFO - Fitness difference: -2.98766487105695e-08
2026-02-21 17:32:15,267 - INFO - ---ROSENBROCK---
2026-02-21 17:32:15,268 - INFO - [Custom PSO]
2026-02-21 17:32:15,268 - INFO - Best fitness: 4.335058789736192e-15
2026-02-21 17:32:15,268 - INFO - Iterations: 76
2026-02-21 17:32:15,268 - INFO - Time elapsed: 0.3477 s
2026-02-21 17:32:15,268 - INFO - [PySwarm Baseline]
2026-02-21 17:32:15,268 - INFO - Best fitness: 2.5939246288714136e-09
2026-02-21 17:32:15,268 - INFO - Time elapsed: 0.1880 s
2026-02-21 17:32:15,268 - INFO - Fitness difference: -2.593920293812624e-09
2026-02-21 17:32:32,236 - INFO - ---RASTRIGIN---
2026-02-21 17:32:32,237 - INFO - [Custom PSO]
2026-02-21 17:32:32,237 - INFO - Best fitness: 0.0
2026-02-21 17:32:32,237 - INFO - Iterations: 72
2026-02-21 17:32:32,237 - INFO - Time elapsed: 0.1980 s
2026-02-21 17:32:32,237 - INFO - [PySwarm Baseline]
2026-02-21 17:32:32,237 - INFO - Best fitness: 2.6990587542741196e-08
2026-02-21 17:32:32,237 - INFO - Time elapsed: 0.1349 s
2026-02-21 17:32:32,237 - INFO - Fitness difference: -2.6990587542741196e-08
2026-02-22 13:09:44,300 - INFO - ---SPHERE---
2026-02-22 13:09:44,301 - INFO - [CUSTOM PSO (SEQUENTIAL)]
2026-02-22 13:09:44,302 - INFO - Best fitness: 1.061096517899032e-18
2026-02-22 13:09:44,302 - INFO - Iterations: 60
2026-02-22 13:09:44,302 - INFO - Time elapsed: 0.0698 s
2026-02-22 13:09:44,302 - INFO - [PySwarm Baseline]
2026-02-22 13:09:44,302 - INFO - Best fitness: 5.122774350889611e-10
2026-02-22 13:09:44,302 - INFO - Time elapsed: 0.0918 s
2026-02-22 13:09:44,302 - INFO - Fitness difference: -5.122774340278645e-10
2026-02-22 13:10:06,887 - INFO - ---ACKLEY---
2026-02-22 13:10:06,888 - INFO - [CUSTOM PSO (SEQUENTIAL)]
2026-02-22 13:10:06,888 - INFO - Best fitness: 8.926193117986259e-14
2026-02-22 13:10:06,888 - INFO - Iterations: 102
2026-02-22 13:10:06,888 - INFO - Time elapsed: 0.2777 s
2026-02-22 13:10:06,888 - INFO - [PySwarm Baseline]
2026-02-22 13:10:06,888 - INFO - Best fitness: 1.0539779271567795e-08
2026-02-22 13:10:06,888 - INFO - Time elapsed: 0.1882 s
2026-02-22 13:10:06,888 - INFO - Fitness difference: -1.0539690009636615e-08
2026-02-22 13:10:24,807 - INFO - ---ROSENBROCK---
2026-02-22 13:10:24,808 - INFO - [CUSTOM PSO (SEQUENTIAL)]
2026-02-22 13:10:24,809 - INFO - Best fitness: 4.335058789736192e-15
2026-02-22 13:10:24,809 - INFO - Iterations: 76
2026-02-22 13:10:24,809 - INFO - Time elapsed: 0.2730 s
2026-02-22 13:10:24,809 - INFO - [PySwarm Baseline]
2026-02-22 13:10:24,809 - INFO - Best fitness: 6.6427981241086915e-09
2026-02-22 13:10:24,809 - INFO - Time elapsed: 0.1863 s
2026-02-22 13:10:24,809 - INFO - Fitness difference: -6.642793789049902e-09
2026-02-22 13:10:39,277 - INFO - ---RASTRIGIN---
2026-02-22 13:10:39,278 - INFO - [CUSTOM PSO (SEQUENTIAL)]
2026-02-22 13:10:39,278 - INFO - Best fitness: 0.0
2026-02-22 13:10:39,278 - INFO - Iterations: 72
2026-02-22 13:10:39,278 - INFO - Time elapsed: 0.1606 s
2026-02-22 13:10:39,278 - INFO - [PySwarm Baseline]
2026-02-22 13:10:39,278 - INFO - Best fitness: 2.3812006588741497e-08
2026-02-22 13:10:39,278 - INFO - Time elapsed: 0.1150 s
2026-02-22 13:10:39,278 - INFO - Fitness difference: -2.3812006588741497e-08
2026-02-24 09:02:23,707 - INFO - ---SPHERE---
2026-02-24 09:02:23,710 - INFO - [CUSTOM PSO (SEQUENTIAL)]
2026-02-24 09:02:23,710 - INFO - Best fitness: 1.061096517899032e-18
2026-02-24 09:02:23,710 - INFO - Iterations: 60
2026-02-24 09:02:23,710 - INFO - Time elapsed: 0.0508 s
2026-02-24 09:02:23,710 - INFO - [PySwarm Baseline]
2026-02-24 09:02:23,710 - INFO - Best fitness: 1.0409464361819929e-08
2026-02-24 09:02:23,710 - INFO - Time elapsed: 0.0456 s
2026-02-24 09:02:23,710 - INFO - Fitness difference: -1.0409464360758833e-08
2026-02-24 09:02:54,457 - INFO - ---ACKLEY---
2026-02-24 09:02:54,458 - INFO - [CUSTOM PSO (SEQUENTIAL)]
2026-02-24 09:02:54,458 - INFO - Best fitness: 8.926193117986259e-14
2026-02-24 09:02:54,458 - INFO - Iterations: 102
2026-02-24 09:02:54,458 - INFO - Time elapsed: 0.5064 s
2026-02-24 09:02:54,458 - INFO - [PySwarm Baseline]
2026-02-24 09:02:54,458 - INFO - Best fitness: 1.3995994141424717e-08
2026-02-24 09:02:54,458 - INFO - Time elapsed: 0.4785 s
2026-02-24 09:02:54,458 - INFO - Fitness difference: -1.3995904879493537e-08
2026-02-24 09:03:19,283 - INFO - ---ROSENBROCK---
2026-02-24 09:03:19,283 - INFO - [CUSTOM PSO (SEQUENTIAL)]
2026-02-24 09:03:19,283 - INFO - Best fitness: 4.335058789736192e-15
2026-02-24 09:03:19,283 - INFO - Iterations: 76
2026-02-24 09:03:19,283 - INFO - Time elapsed: 0.8563 s
2026-02-24 09:03:19,283 - INFO - [PySwarm Baseline]
2026-02-24 09:03:19,283 - INFO - Best fitness: 2.0367977444299708e-08
2026-02-24 09:03:19,283 - INFO - Time elapsed: 0.4742 s
2026-02-24 09:03:19,283 - INFO - Fitness difference: -2.0367973109240918e-08
2026-02-24 09:03:38,985 - INFO - ---RASTRIGIN---
2026-02-24 09:03:38,985 - INFO - [CUSTOM PSO (SEQUENTIAL)]
2026-02-24 09:03:38,985 - INFO - Best fitness: 0.0
2026-02-24 09:03:38,985 - INFO - Iterations: 72
2026-02-24 09:03:38,985 - INFO - Time elapsed: 0.1808 s
2026-02-24 09:03:38,985 - INFO - [PySwarm Baseline]
2026-02-24 09:03:38,985 - INFO - Best fitness: 4.98893726330607e-09
2026-02-24 09:03:38,985 - INFO - Time elapsed: 0.1235 s
2026-02-24 09:03:38,986 - INFO - Fitness difference: -4.98893726330607e-09
2026-02-25 18:54:58,591 - INFO - ---SPHERE---
2026-02-25 18:54:58,594 - INFO - [CUSTOM PSO (SEQUENTIAL)]
2026-02-25 18:54:58,594 - INFO - Hyperparameters: w=0.5, c1=1.0, c2=1.0, n_particles=50
2026-02-25 18:54:58,594 - INFO - Best fitness: 1.061096517899032e-18
2026-02-25 18:54:58,594 - INFO - Iterations: 60
2026-02-25 18:54:58,594 - INFO - Time elapsed: 0.0739 s
2026-02-25 18:54:58,595 - INFO - [PySwarm Baseline]
2026-02-25 18:54:58,595 - INFO - Best fitness: 4.567935493907421e-09
2026-02-25 18:54:58,595 - INFO - Iterations: 500
2026-02-25 18:54:58,595 - INFO - Time elapsed: 0.0486 s
2026-02-25 18:54:58,595 - INFO - Fitness difference: -4.5679354928463246e-09
2026-02-25 18:54:58,595 - INFO - Winner: Custom PSO (Sequential)
2026-02-25 18:55:16,956 - INFO - ---ACKLEY---
2026-02-25 18:55:16,957 - INFO - [CUSTOM PSO (SEQUENTIAL)]
2026-02-25 18:55:16,957 - INFO - Hyperparameters: w=0.5, c1=1.5, c2=1.0, n_particles=100
2026-02-25 18:55:16,957 - INFO - Best fitness: 8.926193117986259e-14
2026-02-25 18:55:16,957 - INFO - Iterations: 102
2026-02-25 18:55:16,957 - INFO - Time elapsed: 0.4314 s
2026-02-25 18:55:16,957 - INFO - [PySwarm Baseline]
2026-02-25 18:55:16,957 - INFO - Best fitness: 5.81984993530682e-09
2026-02-25 18:55:16,957 - INFO - Iterations: 500
2026-02-25 18:55:16,957 - INFO - Time elapsed: 0.3060 s
2026-02-25 18:55:16,957 - INFO - Fitness difference: -5.81976067337564e-09
2026-02-25 18:55:16,958 - INFO - Winner: Custom PSO (Sequential)
2026-02-25 18:55:34,715 - INFO - ---ROSENBROCK---
2026-02-25 18:55:34,716 - INFO - [CUSTOM PSO (SEQUENTIAL)]
2026-02-25 18:55:34,716 - INFO - Hyperparameters: w=0.5, c1=2.0, c2=1.0, n_particles=100
2026-02-25 18:55:34,716 - INFO - Best fitness: 4.449462635490489e-12
2026-02-25 18:55:34,716 - INFO - Iterations: 99
2026-02-25 18:55:34,716 - INFO - Time elapsed: 0.3690 s
2026-02-25 18:55:34,716 - INFO - [PySwarm Baseline]
2026-02-25 18:55:34,716 - INFO - Best fitness: 2.3471567462217307e-07
2026-02-25 18:55:34,716 - INFO - Iterations: 500
2026-02-25 18:55:34,716 - INFO - Time elapsed: 0.1979 s
2026-02-25 18:55:34,716 - INFO - Fitness difference: -2.3471122515953758e-07
2026-02-25 18:55:34,716 - INFO - Winner: Custom PSO (Sequential)
2026-02-25 18:55:45,847 - INFO - ---RASTRIGIN---
2026-02-25 18:55:45,848 - INFO - [CUSTOM PSO (SEQUENTIAL)]
2026-02-25 18:55:45,848 - INFO - Hyperparameters: w=0.5, c1=1.0, c2=1.0, n_particles=100
2026-02-25 18:55:45,848 - INFO - Best fitness: 0.0
2026-02-25 18:55:45,848 - INFO - Iterations: 72
2026-02-25 18:55:45,848 - INFO - Time elapsed: 0.2653 s
2026-02-25 18:55:45,848 - INFO - [PySwarm Baseline]
2026-02-25 18:55:45,848 - INFO - Best fitness: 6.827873555437236e-07
2026-02-25 18:55:45,848 - INFO - Iterations: 500
2026-02-25 18:55:45,848 - INFO - Time elapsed: 0.1301 s
2026-02-25 18:55:45,848 - INFO - Fitness difference: -6.827873555437236e-07
2026-02-25 18:55:45,848 - INFO - Winner: Custom PSO (Sequential)
2026-02-26 08:45:22,362 - INFO - ---SPHERE---
2026-02-26 08:45:22,365 - INFO - [CUSTOM PSO (SEQUENTIAL)]
2026-02-26 08:45:22,365 - INFO - Hyperparameters: w=0.5, c1=1.0, c2=1.0, n_particles=50
2026-02-26 08:45:22,365 - INFO - Best fitness: 1.061096517899032e-18
2026-02-26 08:45:22,365 - INFO - Iterations: 60
2026-02-26 08:45:22,365 - INFO - Time elapsed: 0.0550 s
2026-02-26 08:45:22,365 - INFO - [PySwarm Baseline]
2026-02-26 08:45:22,365 - INFO - Best fitness: 4.83664003950515e-09
2026-02-26 08:45:22,365 - INFO - Iterations: 500
2026-02-26 08:45:22,366 - INFO - Time elapsed: 0.0408 s
2026-02-26 08:45:22,366 - INFO - Fitness difference: -4.8366400384440536e-09
2026-02-26 08:45:22,366 - INFO - Winner: Custom PSO (Sequential)
2026-02-26 08:45:38,235 - INFO - ---ACKLEY---
2026-02-26 08:45:38,236 - INFO - [CUSTOM PSO (SEQUENTIAL)]
2026-02-26 08:45:38,236 - INFO - Hyperparameters: w=0.5, c1=1.5, c2=1.0, n_particles=100
2026-02-26 08:45:38,236 - INFO - Best fitness: 8.926193117986259e-14
2026-02-26 08:45:38,236 - INFO - Iterations: 102
2026-02-26 08:45:38,236 - INFO - Time elapsed: 0.3968 s
2026-02-26 08:45:38,236 - INFO - [PySwarm Baseline]
2026-02-26 08:45:38,236 - INFO - Best fitness: 3.5954267265658757e-06
2026-02-26 08:45:38,237 - INFO - Iterations: 500
2026-02-26 08:45:38,237 - INFO - Time elapsed: 0.1934 s
2026-02-26 08:45:38,237 - INFO - Fitness difference: -3.5954266373039445e-06
2026-02-26 08:45:38,237 - INFO - Winner: Custom PSO (Sequential)
2026-02-26 08:45:55,856 - INFO - ---ROSENBROCK---
2026-02-26 08:45:55,857 - INFO - [CUSTOM PSO (SEQUENTIAL)]
2026-02-26 08:45:55,857 - INFO - Hyperparameters: w=0.5, c1=2.0, c2=1.0, n_particles=100
2026-02-26 08:45:55,857 - INFO - Best fitness: 4.449462635490489e-12
2026-02-26 08:45:55,857 - INFO - Iterations: 99
2026-02-26 08:45:55,857 - INFO - Time elapsed: 0.5066 s
2026-02-26 08:45:55,857 - INFO - [PySwarm Baseline]
2026-02-26 08:45:55,857 - INFO - Best fitness: 8.775343281328133e-08
2026-02-26 08:45:55,858 - INFO - Iterations: 500
2026-02-26 08:45:55,858 - INFO - Time elapsed: 0.2679 s
2026-02-26 08:45:55,858 - INFO - Fitness difference: -8.774898335064584e-08
2026-02-26 08:45:55,858 - INFO - Winner: Custom PSO (Sequential)
2026-02-26 08:46:09,547 - INFO - ---RASTRIGIN---
2026-02-26 08:46:09,547 - INFO - [CUSTOM PSO (SEQUENTIAL)]
2026-02-26 08:46:09,548 - INFO - Hyperparameters: w=0.5, c1=1.0, c2=1.0, n_particles=100
2026-02-26 08:46:09,548 - INFO - Best fitness: 0.0
2026-02-26 08:46:09,548 - INFO - Iterations: 72
2026-02-26 08:46:09,548 - INFO - Time elapsed: 0.2439 s
2026-02-26 08:46:09,548 - INFO - [PySwarm Baseline]
2026-02-26 08:46:09,548 - INFO - Best fitness: 1.6326140439559822e-10
2026-02-26 08:46:09,548 - INFO - Iterations: 500
2026-02-26 08:46:09,548 - INFO - Time elapsed: 0.1798 s
2026-02-26 08:46:09,548 - INFO - Fitness difference: -1.6326140439559822e-10
2026-02-26 08:46:09,548 - INFO - Winner: Custom PSO (Sequential)
2026-03-04 10:51:00,831 - INFO - ---SPHERE---
2026-03-04 10:51:00,834 - INFO - [CUSTOM PSO (SEQUENTIAL)]
2026-03-04 10:51:00,834 - INFO - Hyperparameters: w=0.5, c1=1.0, c2=1.0, n_particles=50
2026-03-04 10:51:00,834 - INFO - Best fitness: 1.061096517899032e-18
2026-03-04 10:51:00,834 - INFO - Iterations: 60
2026-03-04 10:51:00,834 - INFO - Time elapsed: 0.0459 s
2026-03-04 10:51:00,834 - INFO - [PySwarm Baseline]
2026-03-04 10:51:00,834 - INFO - Best fitness: 4.086829953378728e-09
2026-03-04 10:51:00,834 - INFO - Iterations: 500
2026-03-04 10:51:00,835 - INFO - Time elapsed: 0.0332 s
2026-03-04 10:51:00,835 - INFO - Fitness difference: -4.086829952317631e-09
2026-03-04 10:51:00,835 - INFO - Winner: Custom PSO (Sequential)
2026-03-04 10:51:17,418 - INFO - ---ACKLEY---
2026-03-04 10:51:17,419 - INFO - [CUSTOM PSO (SEQUENTIAL)]
2026-03-04 10:51:17,419 - INFO - Hyperparameters: w=0.5, c1=1.5, c2=1.0, n_particles=100
2026-03-04 10:51:17,419 - INFO - Best fitness: 8.926193117986259e-14
2026-03-04 10:51:17,419 - INFO - Iterations: 102
2026-03-04 10:51:17,419 - INFO - Time elapsed: 0.3133 s
2026-03-04 10:51:17,419 - INFO - [PySwarm Baseline]
2026-03-04 10:51:17,419 - INFO - Best fitness: 4.736228875756865e-08
2026-03-04 10:51:17,419 - INFO - Iterations: 500
2026-03-04 10:51:17,419 - INFO - Time elapsed: 0.2065 s
2026-03-04 10:51:17,419 - INFO - Fitness difference: -4.736219949563747e-08
2026-03-04 10:51:17,420 - INFO - Winner: Custom PSO (Sequential)
2026-03-04 10:51:32,246 - INFO - ---ROSENBROCK---
2026-03-04 10:51:32,247 - INFO - [CUSTOM PSO (SEQUENTIAL)]
2026-03-04 10:51:32,247 - INFO - Hyperparameters: w=0.5, c1=2.0, c2=1.0, n_particles=100
2026-03-04 10:51:32,247 - INFO - Best fitness: 4.449462635490489e-12
2026-03-04 10:51:32,247 - INFO - Iterations: 99
2026-03-04 10:51:32,247 - INFO - Time elapsed: 0.3038 s
2026-03-04 10:51:32,247 - INFO - [PySwarm Baseline]
2026-03-04 10:51:32,247 - INFO - Best fitness: 1.8626412701840251e-09
2026-03-04 10:51:32,247 - INFO - Iterations: 500
2026-03-04 10:51:32,247 - INFO - Time elapsed: 0.1593 s
2026-03-04 10:51:32,247 - INFO - Fitness difference: -1.8581918075485346e-09
2026-03-04 10:51:32,247 - INFO - Winner: Custom PSO (Sequential)
2026-03-04 10:51:45,277 - INFO - ---RASTRIGIN---
2026-03-04 10:51:45,277 - INFO - [CUSTOM PSO (SEQUENTIAL)]
2026-03-04 10:51:45,277 - INFO - Hyperparameters: w=0.5, c1=1.0, c2=1.0, n_particles=100
2026-03-04 10:51:45,277 - INFO - Best fitness: 0.0
2026-03-04 10:51:45,277 - INFO - Iterations: 72
2026-03-04 10:51:45,277 - INFO - Time elapsed: 0.2165 s
2026-03-04 10:51:45,277 - INFO - [PySwarm Baseline]
2026-03-04 10:51:45,277 - INFO - Best fitness: 1.2234174562308908e-08
2026-03-04 10:51:45,278 - INFO - Iterations: 500
2026-03-04 10:51:45,278 - INFO - Time elapsed: 0.1601 s
2026-03-04 10:51:45,278 - INFO - Fitness difference: -1.2234174562308908e-08
2026-03-04 10:51:45,278 - INFO - Winner: Custom PSO (Sequential)
2026-03-04 15:48:06,585 - INFO - ---SPHERE---
2026-03-04 15:48:06,586 - INFO - [CUSTOM PSO (SEQUENTIAL)]
2026-03-04 15:48:06,587 - INFO - Hyperparameters: w=0.5, c1=1.0, c2=1.0, n_particles=50
2026-03-04 15:48:06,587 - INFO - Best fitness: 1.061096517899032e-18
2026-03-04 15:48:06,587 - INFO - Iterations: 60
2026-03-04 15:48:06,587 - INFO - Time elapsed: 0.0976 s
2026-03-04 15:48:06,587 - INFO - [PySwarm Baseline]
2026-03-04 15:48:06,587 - INFO - Best fitness: 4.6899312689776737e-08
2026-03-04 15:48:06,588 - INFO - Iterations: 500
2026-03-04 15:48:06,588 - INFO - Time elapsed: 0.0757 s
2026-03-04 15:48:06,588 - INFO - Fitness difference: -4.689931268871564e-08
2026-03-04 15:48:06,588 - INFO - Winner: Custom PSO (Sequential)
2026-03-04 15:48:25,158 - INFO - ---ACKLEY---
2026-03-04 15:48:25,158 - INFO - [CUSTOM PSO (SEQUENTIAL)]
2026-03-04 15:48:25,158 - INFO - Hyperparameters: w=0.5, c1=1.5, c2=1.0, n_particles=100
2026-03-04 15:48:25,158 - INFO - Best fitness: 8.926193117986259e-14
2026-03-04 15:48:25,158 - INFO - Iterations: 102
2026-03-04 15:48:25,158 - INFO - Time elapsed: 0.6148 s
2026-03-04 15:48:25,158 - INFO - [PySwarm Baseline]
2026-03-04 15:48:25,158 - INFO - Best fitness: 1.367381980976745e-07
2026-03-04 15:48:25,158 - INFO - Iterations: 500
2026-03-04 15:48:25,158 - INFO - Time elapsed: 0.5930 s
2026-03-04 15:48:25,158 - INFO - Fitness difference: -1.3673810883574333e-07
2026-03-04 15:48:25,158 - INFO - Winner: Custom PSO (Sequential)
2026-03-04 15:48:42,075 - INFO - ---ROSENBROCK---
2026-03-04 15:48:42,075 - INFO - [CUSTOM PSO (SEQUENTIAL)]
2026-03-04 15:48:42,075 - INFO - Hyperparameters: w=0.5, c1=2.0, c2=1.0, n_particles=100
2026-03-04 15:48:42,075 - INFO - Best fitness: 4.449462635490489e-12
2026-03-04 15:48:42,075 - INFO - Iterations: 99
2026-03-04 15:48:42,075 - INFO - Time elapsed: 0.4033 s
2026-03-04 15:48:42,075 - INFO - [PySwarm Baseline]
2026-03-04 15:48:42,076 - INFO - Best fitness: 8.115309165499419e-08
2026-03-04 15:48:42,076 - INFO - Iterations: 500
2026-03-04 15:48:42,076 - INFO - Time elapsed: 0.1940 s
2026-03-04 15:48:42,076 - INFO - Fitness difference: -8.11486421923587e-08
2026-03-04 15:48:42,076 - INFO - Winner: Custom PSO (Sequential)
2026-03-04 15:49:00,384 - INFO - ---RASTRIGIN---
2026-03-04 15:49:00,384 - INFO - [CUSTOM PSO (SEQUENTIAL)]
2026-03-04 15:49:00,384 - INFO - Hyperparameters: w=0.5, c1=1.0, c2=1.0, n_particles=100
2026-03-04 15:49:00,384 - INFO - Best fitness: 0.0
2026-03-04 15:49:00,384 - INFO - Iterations: 72
2026-03-04 15:49:00,384 - INFO - Time elapsed: 0.3111 s
2026-03-04 15:49:00,385 - INFO - [PySwarm Baseline]
2026-03-04 15:49:00,385 - INFO - Best fitness: 0.9949590575650085
2026-03-04 15:49:00,385 - INFO - Iterations: 500
2026-03-04 15:49:00,385 - INFO - Time elapsed: 0.1699 s
2026-03-04 15:49:00,385 - INFO - Fitness difference: -0.9949590575650085
2026-03-04 15:49:00,385 - INFO - Winner: Custom PSO (Sequential)
2026-03-10 10:35:39,374 - INFO - ---SPHERE---
2026-03-10 10:35:39,377 - INFO - [CUSTOM PSO (SEQUENTIAL)]
2026-03-10 10:35:39,377 - INFO - Hyperparameters: w=0.5, c1=1.0, c2=1.0, n_particles=50
2026-03-10 10:35:39,377 - INFO - Best fitness: 1.061096517899032e-18
2026-03-10 10:35:39,377 - INFO - Iterations: 60
2026-03-10 10:35:39,377 - INFO - Time elapsed: 0.0501 s
2026-03-10 10:35:39,377 - INFO - [PySwarm Baseline]
2026-03-10 10:35:39,377 - INFO - Best fitness: 3.825581835563059e-10
2026-03-10 10:35:39,377 - INFO - Iterations: 500
2026-03-10 10:35:39,377 - INFO - Time elapsed: 0.0374 s
2026-03-10 10:35:39,377 - INFO - Fitness difference: -3.8255818249520937e-10
2026-03-10 10:35:39,377 - INFO - Winner: Custom PSO (Sequential)
2026-03-10 10:35:57,620 - INFO - ---ACKLEY---
2026-03-10 10:35:57,621 - INFO - [CUSTOM PSO (SEQUENTIAL)]
2026-03-10 10:35:57,621 - INFO - Hyperparameters: w=0.5, c1=1.5, c2=1.0, n_particles=100
2026-03-10 10:35:57,621 - INFO - Best fitness: 8.926193117986259e-14
2026-03-10 10:35:57,621 - INFO - Iterations: 102
2026-03-10 10:35:57,621 - INFO - Time elapsed: 0.5131 s
2026-03-10 10:35:57,621 - INFO - [PySwarm Baseline]
2026-03-10 10:35:57,621 - INFO - Best fitness: 5.6225505997709035e-06
2026-03-10 10:35:57,621 - INFO - Iterations: 500
2026-03-10 10:35:57,621 - INFO - Time elapsed: 0.1778 s
2026-03-10 10:35:57,621 - INFO - Fitness difference: -5.622550510508972e-06
2026-03-10 10:35:57,621 - INFO - Winner: Custom PSO (Sequential)
2026-03-10 10:36:10,041 - INFO - ---ROSENBROCK---
2026-03-10 10:36:10,041 - INFO - [CUSTOM PSO (SEQUENTIAL)]
2026-03-10 10:36:10,041 - INFO - Hyperparameters: w=0.5, c1=2.0, c2=1.0, n_particles=100
2026-03-10 10:36:10,042 - INFO - Best fitness: 4.449462635490489e-12
2026-03-10 10:36:10,042 - INFO - Iterations: 99
2026-03-10 10:36:10,042 - INFO - Time elapsed: 0.2935 s
2026-03-10 10:36:10,042 - INFO - [PySwarm Baseline]
2026-03-10 10:36:10,042 - INFO - Best fitness: 6.454220568765783e-09
2026-03-10 10:36:10,042 - INFO - Iterations: 500
2026-03-10 10:36:10,042 - INFO - Time elapsed: 0.1747 s
2026-03-10 10:36:10,042 - INFO - Fitness difference: -6.449771106130292e-09
2026-03-10 10:36:10,042 - INFO - Winner: Custom PSO (Sequential)
2026-03-10 10:36:18,876 - INFO - ---RASTRIGIN---
2026-03-10 10:36:18,876 - INFO - [CUSTOM PSO (SEQUENTIAL)]
2026-03-10 10:36:18,876 - INFO - Hyperparameters: w=0.5, c1=1.0, c2=1.0, n_particles=100
2026-03-10 10:36:18,876 - INFO - Best fitness: 0.0
2026-03-10 10:36:18,876 - INFO - Iterations: 72
2026-03-10 10:36:18,876 - INFO - Time elapsed: 0.1714 s
2026-03-10 10:36:18,876 - INFO - [PySwarm Baseline]
2026-03-10 10:36:18,876 - INFO - Best fitness: 5.556806570439221e-09
2026-03-10 10:36:18,876 - INFO - Iterations: 500
2026-03-10 10:36:18,876 - INFO - Time elapsed: 0.0910 s
2026-03-10 10:36:18,876 - INFO - Fitness difference: -5.556806570439221e-09
2026-03-10 10:36:18,877 - INFO - Winner: Custom PSO (Sequential)
2026-03-10 10:52:03,340 - INFO - ---SPHERE---
2026-03-10 10:52:03,342 - INFO - [CUSTOM PSO (SEQUENTIAL)]
2026-03-10 10:52:03,342 - INFO - Hyperparameters: w=0.5, c1=1.0, c2=1.0, n_particles=50
2026-03-10 10:52:03,342 - INFO - Best fitness: 1.061096517899032e-18
2026-03-10 10:52:03,342 - INFO - Iterations: 60
2026-03-10 10:52:03,342 - INFO - Time elapsed: 0.0587 s
2026-03-10 10:52:03,342 - INFO - [PySwarm Baseline]
2026-03-10 10:52:03,342 - INFO - Best fitness: 5.01519031967467e-08
2026-03-10 10:52:03,342 - INFO - Iterations: 500
2026-03-10 10:52:03,343 - INFO - Time elapsed: 0.0421 s
2026-03-10 10:52:03,343 - INFO - Fitness difference: -5.0151903195685605e-08
2026-03-10 10:52:03,343 - INFO - Winner: Custom PSO (Sequential)
2026-03-10 10:52:17,722 - INFO - ---ACKLEY---
2026-03-10 10:52:17,723 - INFO - [CUSTOM PSO (SEQUENTIAL)]
2026-03-10 10:52:17,723 - INFO - Hyperparameters: w=0.5, c1=1.5, c2=1.0, n_particles=100
2026-03-10 10:52:17,723 - INFO - Best fitness: 8.926193117986259e-14
2026-03-10 10:52:17,723 - INFO - Iterations: 102
2026-03-10 10:52:17,723 - INFO - Time elapsed: 0.3557 s
2026-03-10 10:52:17,723 - INFO - [PySwarm Baseline]
2026-03-10 10:52:17,723 - INFO - Best fitness: 1.4072606946413657e-07
2026-03-10 10:52:17,723 - INFO - Iterations: 500
2026-03-10 10:52:17,723 - INFO - Time elapsed: 0.2071 s
2026-03-10 10:52:17,723 - INFO - Fitness difference: -1.407259802022054e-07
2026-03-10 10:52:17,723 - INFO - Winner: Custom PSO (Sequential)
2026-03-10 10:52:31,367 - INFO - ---ROSENBROCK---
2026-03-10 10:52:31,367 - INFO - [CUSTOM PSO (SEQUENTIAL)]
2026-03-10 10:52:31,368 - INFO - Hyperparameters: w=0.5, c1=2.0, c2=1.0, n_particles=100
2026-03-10 10:52:31,368 - INFO - Best fitness: 4.449462635490489e-12
2026-03-10 10:52:31,368 - INFO - Iterations: 99
2026-03-10 10:52:31,368 - INFO - Time elapsed: 0.2610 s
2026-03-10 10:52:31,368 - INFO - [PySwarm Baseline]
2026-03-10 10:52:31,368 - INFO - Best fitness: 6.178116340857758e-08
2026-03-10 10:52:31,368 - INFO - Iterations: 500
2026-03-10 10:52:31,368 - INFO - Time elapsed: 0.1287 s
2026-03-10 10:52:31,368 - INFO - Fitness difference: -6.177671394594209e-08
2026-03-10 10:52:31,368 - INFO - Winner: Custom PSO (Sequential)
2026-03-10 10:52:42,917 - INFO - ---RASTRIGIN---
2026-03-10 10:52:42,918 - INFO - [CUSTOM PSO (SEQUENTIAL)]
2026-03-10 10:52:42,918 - INFO - Hyperparameters: w=0.5, c1=1.0, c2=1.0, n_particles=100
2026-03-10 10:52:42,918 - INFO - Best fitness: 0.0
2026-03-10 10:52:42,918 - INFO - Iterations: 72
2026-03-10 10:52:42,918 - INFO - Time elapsed: 0.2908 s
2026-03-10 10:52:42,918 - INFO - [PySwarm Baseline]
2026-03-10 10:52:42,918 - INFO - Best fitness: 0.9949591869807008
2026-03-10 10:52:42,918 - INFO - Iterations: 500
2026-03-10 10:52:42,918 - INFO - Time elapsed: 0.1299 s
2026-03-10 10:52:42,918 - INFO - Fitness difference: -0.9949591869807008
2026-03-10 10:52:42,918 - INFO - Winner: Custom PSO (Sequential)
2026-03-10 10:57:12,157 - INFO - ---SPHERE---
2026-03-10 10:57:12,158 - INFO - [CUSTOM PSO (SEQUENTIAL)]
2026-03-10 10:57:12,159 - INFO - Hyperparameters: w=0.7, c1=2.0, c2=1.0, n_particles=100
2026-03-10 10:57:12,159 - INFO - Best fitness: 1.0069925541567837e-10
2026-03-10 10:57:12,159 - INFO - Iterations: 297
2026-03-10 10:57:12,159 - INFO - Time elapsed: 0.6369 s
2026-03-10 10:57:12,159 - INFO - [PySwarm Baseline]
2026-03-10 10:57:12,159 - INFO - Best fitness: 3.200870183785669
2026-03-10 10:57:12,159 - INFO - Iterations: 500
2026-03-10 10:57:12,159 - INFO - Time elapsed: 0.7652 s
2026-03-10 10:57:12,159 - INFO - Fitness difference: -3.2008701836849696
2026-03-10 10:57:12,159 - INFO - Winner: Custom PSO (Sequential)
2026-03-10 10:57:49,502 - INFO - ---ACKLEY---
2026-03-10 10:57:49,503 - INFO - [CUSTOM PSO (SEQUENTIAL)]
2026-03-10 10:57:49,503 - INFO - Hyperparameters: w=0.5, c1=2.0, c2=1.5, n_particles=100
2026-03-10 10:57:49,504 - INFO - Best fitness: 0.0026390006731955573
2026-03-10 10:57:49,504 - INFO - Iterations: 394
2026-03-10 10:57:49,504 - INFO - Time elapsed: 2.3233 s
2026-03-10 10:57:49,504 - INFO - [PySwarm Baseline]
2026-03-10 10:57:49,504 - INFO - Best fitness: 3.7383317730349686
2026-03-10 10:57:49,504 - INFO - Iterations: 500
2026-03-10 10:57:49,504 - INFO - Time elapsed: 1.6069 s
2026-03-10 10:57:49,504 - INFO - Fitness difference: -3.735692772361773
2026-03-10 10:57:49,504 - INFO - Winner: Custom PSO (Sequential)
2026-03-10 10:58:27,303 - INFO - ---ROSENBROCK---
2026-03-10 10:58:27,304 - INFO - [CUSTOM PSO (SEQUENTIAL)]
2026-03-10 10:58:27,304 - INFO - Hyperparameters: w=0.7, c1=2.0, c2=1.0, n_particles=100
2026-03-10 10:58:27,304 - INFO - Best fitness: 22.773348923611465
2026-03-10 10:58:27,304 - INFO - Iterations: 500
2026-03-10 10:58:27,304 - INFO - Time elapsed: 2.2772 s
2026-03-10 10:58:27,304 - INFO - [PySwarm Baseline]
2026-03-10 10:58:27,304 - INFO - Best fitness: 856.5411606457428
2026-03-10 10:58:27,304 - INFO - Iterations: 500
2026-03-10 10:58:27,304 - INFO - Time elapsed: 1.2322 s
2026-03-10 10:58:27,304 - INFO - Fitness difference: -833.7678117221313
2026-03-10 10:58:27,304 - INFO - Winner: Custom PSO (Sequential)
2026-03-10 10:58:58,466 - INFO - ---RASTRIGIN---
2026-03-10 10:58:58,466 - INFO - [CUSTOM PSO (SEQUENTIAL)]
2026-03-10 10:58:58,466 - INFO - Hyperparameters: w=0.5, c1=2.0, c2=1.0, n_particles=100
2026-03-10 10:58:58,467 - INFO - Best fitness: 52.28487854370931
2026-03-10 10:58:58,467 - INFO - Iterations: 368
2026-03-10 10:58:58,467 - INFO - Time elapsed: 1.0686 s
2026-03-10 10:58:58,467 - INFO - [PySwarm Baseline]
2026-03-10 10:58:58,467 - INFO - Best fitness: 70.47666209782446
2026-03-10 10:58:58,467 - INFO - Iterations: 500
2026-03-10 10:58:58,467 - INFO - Time elapsed: 0.6447 s
2026-03-10 10:58:58,467 - INFO - Fitness difference: -18.191783554115148
2026-03-10 10:58:58,467 - INFO - Winner: Custom PSO (Sequential)
2026-03-10 11:13:36,677 - INFO - ---SPHERE---
2026-03-10 11:13:36,679 - INFO - [CUSTOM PSO (SEQUENTIAL)]
2026-03-10 11:13:36,679 - INFO - Hyperparameters: w=0.6, c1=1.3, c2=1.7, n_particles=120
2026-03-10 11:13:36,679 - INFO - Best fitness: 1.2746193111191213e-11
2026-03-10 11:13:36,680 - INFO - Iterations: 297
2026-03-10 11:13:36,680 - INFO - Time elapsed: 0.9392 s
2026-03-10 11:13:36,680 - INFO - [PySwarm Baseline]
2026-03-10 11:13:36,680 - INFO - Best fitness: 2.861034505029433
2026-03-10 11:13:36,680 - INFO - Iterations: 500
2026-03-10 11:13:36,680 - INFO - Time elapsed: 0.9765 s
2026-03-10 11:13:36,681 - INFO - Fitness difference: -2.8610345050166868
2026-03-10 11:13:36,681 - INFO - Winner: Custom PSO (Sequential)
2026-03-10 11:15:59,718 - INFO - ---ACKLEY---
2026-03-10 11:15:59,719 - INFO - [CUSTOM PSO (SEQUENTIAL)]
2026-03-10 11:15:59,720 - INFO - Hyperparameters: w=0.6, c1=1.5, c2=1.7, n_particles=120
2026-03-10 11:15:59,720 - INFO - Best fitness: 5.852886619805986e-09
2026-03-10 11:15:59,720 - INFO - Iterations: 500
2026-03-10 11:15:59,720 - INFO - Time elapsed: 2.4335 s
2026-03-10 11:15:59,720 - INFO - [PySwarm Baseline]
2026-03-10 11:15:59,720 - INFO - Best fitness: 4.130769471257604
2026-03-10 11:15:59,720 - INFO - Iterations: 500
2026-03-10 11:15:59,720 - INFO - Time elapsed: 1.0562 s
2026-03-10 11:15:59,721 - INFO - Fitness difference: -4.130769465404718
2026-03-10 11:15:59,721 - INFO - Winner: Custom PSO (Sequential)
2026-03-10 11:17:55,371 - INFO - ---ROSENBROCK---
2026-03-10 11:17:55,371 - INFO - [CUSTOM PSO (SEQUENTIAL)]
2026-03-10 11:17:55,372 - INFO - Hyperparameters: w=0.7, c1=1.5, c2=1.3, n_particles=100
2026-03-10 11:17:55,372 - INFO - Best fitness: 4.451742233360463
2026-03-10 11:17:55,372 - INFO - Iterations: 500
2026-03-10 11:17:55,372 - INFO - Time elapsed: 1.2888 s
2026-03-10 11:17:55,372 - INFO - [PySwarm Baseline]
2026-03-10 11:17:55,372 - INFO - Best fitness: 1157.5274915556147
2026-03-10 11:17:55,372 - INFO - Iterations: 500
2026-03-10 11:17:55,372 - INFO - Time elapsed: 0.8900 s
2026-03-10 11:17:55,372 - INFO - Fitness difference: -1153.0757493222543
2026-03-10 11:17:55,372 - INFO - Winner: Custom PSO (Sequential)
2026-03-10 11:19:02,051 - INFO - ---RASTRIGIN---
2026-03-10 11:19:02,051 - INFO - [CUSTOM PSO (SEQUENTIAL)]
2026-03-10 11:19:02,052 - INFO - Hyperparameters: w=0.6, c1=1.7, c2=1.3, n_particles=120
2026-03-10 11:19:02,052 - INFO - Best fitness: 49.74787071033248
2026-03-10 11:19:02,052 - INFO - Iterations: 492
2026-03-10 11:19:02,052 - INFO - Time elapsed: 1.3869 s
2026-03-10 11:19:02,052 - INFO - [PySwarm Baseline]
2026-03-10 11:19:02,052 - INFO - Best fitness: 75.6596690901518
2026-03-10 11:19:02,052 - INFO - Iterations: 500
2026-03-10 11:19:02,052 - INFO - Time elapsed: 1.7367 s
2026-03-10 11:19:02,052 - INFO - Fitness difference: -25.911798379819317
2026-03-10 11:19:02,052 - INFO - Winner: Custom PSO (Sequential)
2026-03-10 16:10:08,315 - pso_logger - INFO - ---SPHERE---
2026-03-10 16:10:08,317 - pso_logger - INFO - [CUSTOM PSO (SEQUENTIAL)]
2026-03-10 16:10:08,317 - pso_logger - INFO - Hyperparameters: w=0.6000000000000001, c1=1.2, c2=1.8, n_particles=120
2026-03-10 16:10:08,317 - pso_logger - INFO - Best fitness: 5.549223664673883e-11
2026-03-10 16:10:08,317 - pso_logger - INFO - Iterations: 283
2026-03-10 16:10:08,318 - pso_logger - INFO - Time elapsed: 0.9827 s
2026-03-10 16:10:08,318 - pso_logger - INFO - [PySwarm Baseline]
2026-03-10 16:10:08,318 - pso_logger - INFO - Best fitness: 5.161007932425654
2026-03-10 16:10:08,318 - pso_logger - INFO - Iterations: 500
2026-03-10 16:10:08,318 - pso_logger - INFO - Time elapsed: 0.4840 s
2026-03-10 16:10:08,318 - pso_logger - INFO - Fitness difference: -5.161007932370161
2026-03-10 16:10:08,318 - pso_logger - INFO - Winner: Custom PSO (Sequential)
2026-03-10 16:12:03,886 - pso_logger - INFO - ---ACKLEY---
2026-03-10 16:12:03,887 - pso_logger - INFO - [CUSTOM PSO (SEQUENTIAL)]
2026-03-10 16:12:03,887 - pso_logger - INFO - Hyperparameters: w=0.6000000000000001, c1=1.8, c2=1.5, n_particles=120
2026-03-10 16:12:03,887 - pso_logger - INFO - Best fitness: 2.18129958540203e-10
2026-03-10 16:12:03,887 - pso_logger - INFO - Iterations: 489
2026-03-10 16:12:03,887 - pso_logger - INFO - Time elapsed: 3.4781 s
2026-03-10 16:12:03,887 - pso_logger - INFO - [PySwarm Baseline]
2026-03-10 16:12:03,887 - pso_logger - INFO - Best fitness: 2.497693776984218
2026-03-10 16:12:03,887 - pso_logger - INFO - Iterations: 500
2026-03-10 16:12:03,887 - pso_logger - INFO - Time elapsed: 1.0722 s
2026-03-10 16:12:03,887 - pso_logger - INFO - Fitness difference: -2.497693776766088
2026-03-10 16:12:03,887 - pso_logger - INFO - Winner: Custom PSO (Sequential)
2026-03-10 16:13:08,135 - pso_logger - INFO - ---ROSENBROCK---
2026-03-10 16:13:08,136 - pso_logger - INFO - [CUSTOM PSO (SEQUENTIAL)]
2026-03-10 16:13:08,136 - pso_logger - INFO - Hyperparameters: w=0.6000000000000001, c1=1.5, c2=1.5, n_particles=60
2026-03-10 16:13:08,136 - pso_logger - INFO - Best fitness: 24.07539773133311
2026-03-10 16:13:08,136 - pso_logger - INFO - Iterations: 500
2026-03-10 16:13:08,137 - pso_logger - INFO - Time elapsed: 1.1268 s
2026-03-10 16:13:08,137 - pso_logger - INFO - [PySwarm Baseline]
2026-03-10 16:13:08,137 - pso_logger - INFO - Best fitness: 1937.1280933281091
2026-03-10 16:13:08,137 - pso_logger - INFO - Iterations: 500
2026-03-10 16:13:08,137 - pso_logger - INFO - Time elapsed: 0.3275 s
2026-03-10 16:13:08,137 - pso_logger - INFO - Fitness difference: -1913.052695596776
2026-03-10 16:13:08,137 - pso_logger - INFO - Winner: Custom PSO (Sequential)
2026-03-10 16:14:06,793 - pso_logger - INFO - ---RASTRIGIN---
2026-03-10 16:14:06,794 - pso_logger - INFO - [CUSTOM PSO (SEQUENTIAL)]
2026-03-10 16:14:06,794 - pso_logger - INFO - Hyperparameters: w=0.4, c1=1.8, c2=1.8, n_particles=120
2026-03-10 16:14:06,794 - pso_logger - INFO - Best fitness: 25.890976229121293
2026-03-10 16:14:06,795 - pso_logger - INFO - Iterations: 431
2026-03-10 16:14:06,795 - pso_logger - INFO - Time elapsed: 1.9243 s
2026-03-10 16:14:06,796 - pso_logger - INFO - [PySwarm Baseline]
2026-03-10 16:14:06,796 - pso_logger - INFO - Best fitness: 88.75099512220746
2026-03-10 16:14:06,796 - pso_logger - INFO - Iterations: 500
2026-03-10 16:14:06,796 - pso_logger - INFO - Time elapsed: 1.3329 s
2026-03-10 16:14:06,796 - pso_logger - INFO - Fitness difference: -62.86001889308616
2026-03-10 16:14:06,796 - pso_logger - INFO - Winner: Custom PSO (Sequential)
2026-03-10 18:11:33,048 - pso_logger - INFO - ---SPHERE---
2026-03-10 18:11:33,051 - pso_logger - INFO - [CUSTOM PSO (SEQUENTIAL)]
2026-03-10 18:11:33,051 - pso_logger - INFO - Hyperparameters: w=0.6000000000000001, c1=1.5, c2=1.5, n_particles=100
2026-03-10 18:11:33,051 - pso_logger - INFO - Best fitness: 1.1491157585667202e-10
2026-03-10 18:11:33,051 - pso_logger - INFO - Iterations: 264
2026-03-10 18:11:33,051 - pso_logger - INFO - Time elapsed: 0.8510 s
2026-03-10 18:11:33,051 - pso_logger - INFO - [PySwarm Baseline]
2026-03-10 18:11:33,051 - pso_logger - INFO - Best fitness: 6.078050182443775
2026-03-10 18:11:33,051 - pso_logger - INFO - Iterations: 500
2026-03-10 18:11:33,051 - pso_logger - INFO - Time elapsed: 0.6572 s
2026-03-10 18:11:33,051 - pso_logger - INFO - Fitness difference: -6.078050182328863
2026-03-10 18:11:33,051 - pso_logger - INFO - Winner: Custom PSO (Sequential)
2026-03-10 18:12:53,220 - pso_logger - INFO - ---ACKLEY---
2026-03-10 18:12:53,221 - pso_logger - INFO - [CUSTOM PSO (SEQUENTIAL)]
2026-03-10 18:12:53,221 - pso_logger - INFO - Hyperparameters: w=0.4, c1=1.8, c2=1.8, n_particles=80
2026-03-10 18:12:53,221 - pso_logger - INFO - Best fitness: 1.460392599073046e-05
2026-03-10 18:12:53,222 - pso_logger - INFO - Iterations: 427
2026-03-10 18:12:53,222 - pso_logger - INFO - Time elapsed: 3.0428 s
2026-03-10 18:12:53,222 - pso_logger - INFO - [PySwarm Baseline]
2026-03-10 18:12:53,222 - pso_logger - INFO - Best fitness: 3.838314512553801
2026-03-10 18:12:53,222 - pso_logger - INFO - Iterations: 500
2026-03-10 18:12:53,222 - pso_logger - INFO - Time elapsed: 0.8465 s
2026-03-10 18:12:53,222 - pso_logger - INFO - Fitness difference: -3.8382999086278105
2026-03-10 18:12:53,222 - pso_logger - INFO - Winner: Custom PSO (Sequential)
2026-03-10 18:14:37,411 - pso_logger - INFO - ---SPHERE---
2026-03-10 18:14:37,413 - pso_logger - INFO - [CUSTOM PSO (SEQUENTIAL)]
2026-03-10 18:14:37,413 - pso_logger - INFO - Hyperparameters: w=0.6000000000000001, c1=1.2, c2=1.8, n_particles=120
2026-03-10 18:14:37,413 - pso_logger - INFO - Best fitness: 5.549223664673883e-11
2026-03-10 18:14:37,413 - pso_logger - INFO - Iterations: 283
2026-03-10 18:14:37,413 - pso_logger - INFO - Time elapsed: 1.4960 s
2026-03-10 18:14:37,413 - pso_logger - INFO - [PySwarm Baseline]
2026-03-10 18:14:37,413 - pso_logger - INFO - Best fitness: 1.278147179677222
2026-03-10 18:14:37,414 - pso_logger - INFO - Iterations: 500
2026-03-10 18:14:37,414 - pso_logger - INFO - Time elapsed: 1.3420 s
2026-03-10 18:14:37,414 - pso_logger - INFO - Fitness difference: -1.2781471796217296
2026-03-10 18:14:37,414 - pso_logger - INFO - Winner: Custom PSO (Sequential)
2026-03-10 18:16:35,292 - pso_logger - INFO - ---ACKLEY---
2026-03-10 18:16:35,292 - pso_logger - INFO - [CUSTOM PSO (SEQUENTIAL)]
2026-03-10 18:16:35,292 - pso_logger - INFO - Hyperparameters: w=0.6000000000000001, c1=1.8, c2=1.5, n_particles=120
2026-03-10 18:16:35,293 - pso_logger - INFO - Best fitness: 2.18129958540203e-10
2026-03-10 18:16:35,293 - pso_logger - INFO - Iterations: 489
2026-03-10 18:16:35,293 - pso_logger - INFO - Time elapsed: 3.2750 s
2026-03-10 18:16:35,293 - pso_logger - INFO - [PySwarm Baseline]
2026-03-10 18:16:35,293 - pso_logger - INFO - Best fitness: 2.49887455563243
2026-03-10 18:16:35,293 - pso_logger - INFO - Iterations: 500
2026-03-10 18:16:35,293 - pso_logger - INFO - Time elapsed: 0.5455 s
2026-03-10 18:16:35,293 - pso_logger - INFO - Fitness difference: -2.4988745554143
2026-03-10 18:16:35,293 - pso_logger - INFO - Winner: Custom PSO (Sequential)
2026-03-10 18:19:08,313 - pso_logger - INFO - ---ROSENBROCK---
2026-03-10 18:19:08,314 - pso_logger - INFO - [CUSTOM PSO (SEQUENTIAL)]
2026-03-10 18:19:08,314 - pso_logger - INFO - Hyperparameters: w=0.7, c1=1.2, c2=1.2, n_particles=100
2026-03-10 18:19:08,314 - pso_logger - INFO - Best fitness: 14.581782912579634
2026-03-10 18:19:08,314 - pso_logger - INFO - Iterations: 500
2026-03-10 18:19:08,315 - pso_logger - INFO - Time elapsed: 2.0395 s
2026-03-10 18:19:08,315 - pso_logger - INFO - [PySwarm Baseline]
2026-03-10 18:19:08,315 - pso_logger - INFO - Best fitness: 1615.4569198633442
2026-03-10 18:19:08,315 - pso_logger - INFO - Iterations: 500
2026-03-10 18:19:08,315 - pso_logger - INFO - Time elapsed: 1.1193 s
2026-03-10 18:19:08,315 - pso_logger - INFO - Fitness difference: -1600.8751369507645
2026-03-10 18:19:08,315 - pso_logger - INFO - Winner: Custom PSO (Sequential)
2026-03-10 18:23:47,893 - pso_logger - INFO - ---RASTRIGIN---
2026-03-10 18:23:47,893 - pso_logger - INFO - [CUSTOM PSO (SEQUENTIAL)]
2026-03-10 18:23:47,893 - pso_logger - INFO - Hyperparameters: w=0.7000000000000001, c1=1.2, c2=1.4, n_particles=120
2026-03-10 18:23:47,893 - pso_logger - INFO - Best fitness: 24.87396635184473
2026-03-10 18:23:47,893 - pso_logger - INFO - Iterations: 380
2026-03-10 18:23:47,894 - pso_logger - INFO - Time elapsed: 2.7989 s
2026-03-10 18:23:47,894 - pso_logger - INFO - [PySwarm Baseline]
2026-03-10 18:23:47,894 - pso_logger - INFO - Best fitness: 59.81367284329937
2026-03-10 18:23:47,894 - pso_logger - INFO - Iterations: 500
2026-03-10 18:23:47,894 - pso_logger - INFO - Time elapsed: 4.9349 s
2026-03-10 18:23:47,894 - pso_logger - INFO - Fitness difference: -34.93970649145464
2026-03-10 18:23:47,894 - pso_logger - INFO - Winner: Custom PSO (Sequential)
2026-03-10 18:31:09,068 - pso_logger - INFO - ---SPHERE---
2026-03-10 18:31:09,070 - pso_logger - INFO - [CUSTOM PSO (SEQUENTIAL)]
2026-03-10 18:31:09,070 - pso_logger - INFO - Hyperparameters: w=0.4, c1=1.8, c2=1.2, n_particles=60
2026-03-10 18:31:09,070 - pso_logger - INFO - Best fitness: 2.3091428582454647e-20
2026-03-10 18:31:09,070 - pso_logger - INFO - Iterations: 59
2026-03-10 18:31:09,071 - pso_logger - INFO - Time elapsed: 0.1118 s
2026-03-10 18:31:09,071 - pso_logger - INFO - [PySwarm Baseline]
2026-03-10 18:31:09,071 - pso_logger - INFO - Best fitness: 6.3471687870562634e-09
2026-03-10 18:31:09,071 - pso_logger - INFO - Iterations: 500
2026-03-10 18:31:09,071 - pso_logger - INFO - Time elapsed: 0.0610 s
2026-03-10 18:31:09,071 - pso_logger - INFO - Fitness difference: -6.347168787033172e-09
2026-03-10 18:31:09,071 - pso_logger - INFO - Winner: Custom PSO (Sequential)
2026-03-10 18:32:47,556 - pso_logger - INFO - ---ACKLEY---
2026-03-10 18:32:47,556 - pso_logger - INFO - [CUSTOM PSO (SEQUENTIAL)]
2026-03-10 18:32:47,556 - pso_logger - INFO - Hyperparameters: w=0.4, c1=1.2, c2=1.2, n_particles=90
2026-03-10 18:32:47,557 - pso_logger - INFO - Best fitness: 4.440892098500626e-16
2026-03-10 18:32:47,557 - pso_logger - INFO - Iterations: 84
2026-03-10 18:32:47,557 - pso_logger - INFO - Time elapsed: 0.4907 s
2026-03-10 18:32:47,557 - pso_logger - INFO - [PySwarm Baseline]
2026-03-10 18:32:47,557 - pso_logger - INFO - Best fitness: 1.1151271555043252e-06
2026-03-10 18:32:47,557 - pso_logger - INFO - Iterations: 500
2026-03-10 18:32:47,557 - pso_logger - INFO - Time elapsed: 0.3246 s
2026-03-10 18:32:47,557 - pso_logger - INFO - Fitness difference: -1.115127155060236e-06
2026-03-10 18:32:47,557 - pso_logger - INFO - Winner: Custom PSO (Sequential)
2026-03-10 18:34:13,798 - pso_logger - INFO - ---ROSENBROCK---
2026-03-10 18:34:13,798 - pso_logger - INFO - [CUSTOM PSO (SEQUENTIAL)]
2026-03-10 18:34:13,798 - pso_logger - INFO - Hyperparameters: w=0.6, c1=1.2, c2=1.5, n_particles=100
2026-03-10 18:34:13,799 - pso_logger - INFO - Best fitness: 1.2782731795738514e-16
2026-03-10 18:34:13,799 - pso_logger - INFO - Iterations: 105
2026-03-10 18:34:13,799 - pso_logger - INFO - Time elapsed: 0.4209 s
2026-03-10 18:34:13,799 - pso_logger - INFO - [PySwarm Baseline]
2026-03-10 18:34:13,799 - pso_logger - INFO - Best fitness: 1.9881970847398516e-07
2026-03-10 18:34:13,799 - pso_logger - INFO - Iterations: 500
2026-03-10 18:34:13,799 - pso_logger - INFO - Time elapsed: 0.1216 s
2026-03-10 18:34:13,799 - pso_logger - INFO - Fitness difference: -1.9881970834615783e-07
2026-03-10 18:34:13,799 - pso_logger - INFO - Winner: Custom PSO (Sequential)
2026-03-10 18:35:59,033 - pso_logger - INFO - ---RASTRIGIN---
2026-03-10 18:35:59,034 - pso_logger - INFO - [CUSTOM PSO (SEQUENTIAL)]
2026-03-10 18:35:59,034 - pso_logger - INFO - Hyperparameters: w=0.5, c1=1.0, c2=1.4, n_particles=80
2026-03-10 18:35:59,034 - pso_logger - INFO - Best fitness: 0.0
2026-03-10 18:35:59,034 - pso_logger - INFO - Iterations: 70
2026-03-10 18:35:59,034 - pso_logger - INFO - Time elapsed: 0.1873 s
2026-03-10 18:35:59,034 - pso_logger - INFO - [PySwarm Baseline]
2026-03-10 18:35:59,034 - pso_logger - INFO - Best fitness: 0.9949590582775976
2026-03-10 18:35:59,034 - pso_logger - INFO - Iterations: 500
2026-03-10 18:35:59,034 - pso_logger - INFO - Time elapsed: 0.1016 s
2026-03-10 18:35:59,034 - pso_logger - INFO - Fitness difference: -0.9949590582775976
2026-03-10 18:35:59,034 - pso_logger - INFO - Winner: Custom PSO (Sequential)
2026-03-10 23:33:49,519 - pso_logger - INFO - ---SPHERE---
2026-03-10 23:33:49,522 - pso_logger - INFO - [CUSTOM PSO (SEQUENTIAL)]
2026-03-10 23:33:49,522 - pso_logger - INFO - Hyperparameters: w=0.4, c1=1.8, c2=1.2, n_particles=60
2026-03-10 23:33:49,522 - pso_logger - INFO - Best fitness: 2.3091428582454647e-20
2026-03-10 23:33:49,522 - pso_logger - INFO - Iterations: 59
2026-03-10 23:33:49,522 - pso_logger - INFO - Time elapsed: 0.1163 s
2026-03-10 23:33:49,522 - pso_logger - INFO - [PySwarm Baseline]
2026-03-10 23:33:49,523 - pso_logger - INFO - Best fitness: 3.154306908158506e-09
2026-03-10 23:33:49,523 - pso_logger - INFO - Iterations: 500
2026-03-10 23:33:49,523 - pso_logger - INFO - Time elapsed: 0.0793 s
2026-03-10 23:33:49,523 - pso_logger - INFO - Fitness difference: -3.1543069081354143e-09
2026-03-10 23:33:49,523 - pso_logger - INFO - Winner: Custom PSO (Sequential)
2026-03-10 23:34:59,469 - pso_logger - INFO - ---SPHERE---
2026-03-10 23:34:59,470 - pso_logger - INFO - [CUSTOM PSO (SEQUENTIAL)]
2026-03-10 23:34:59,471 - pso_logger - INFO - Hyperparameters: w=0.4, c1=1.8, c2=1.2, n_particles=60
2026-03-10 23:34:59,471 - pso_logger - INFO - Best fitness: 2.3091428582454647e-20
2026-03-10 23:34:59,471 - pso_logger - INFO - Iterations: 59
2026-03-10 23:34:59,471 - pso_logger - INFO - Time elapsed: 0.1136 s
2026-03-10 23:34:59,471 - pso_logger - INFO - [PySwarm Baseline]
2026-03-10 23:34:59,471 - pso_logger - INFO - Best fitness: 1.365451544514514e-09
2026-03-10 23:34:59,472 - pso_logger - INFO - Iterations: 500
2026-03-10 23:34:59,472 - pso_logger - INFO - Time elapsed: 0.0812 s
2026-03-10 23:34:59,472 - pso_logger - INFO - Fitness difference: -1.3654515444914227e-09
2026-03-10 23:34:59,472 - pso_logger - INFO - Winner: Custom PSO (Sequential)
2026-03-10 23:36:40,435 - pso_logger - INFO - ---SPHERE---
2026-03-10 23:36:40,438 - pso_logger - INFO - [CUSTOM PSO (SEQUENTIAL)]
2026-03-10 23:36:40,438 - pso_logger - INFO - Hyperparameters: w=0.4, c1=1.8, c2=1.2, n_particles=60
2026-03-10 23:36:40,438 - pso_logger - INFO - Best fitness: 2.3091428582454647e-20
2026-03-10 23:36:40,438 - pso_logger - INFO - Iterations: 59
2026-03-10 23:36:40,438 - pso_logger - INFO - Time elapsed: 0.0960 s
2026-03-10 23:36:40,439 - pso_logger - INFO - [PySwarm Baseline]
2026-03-10 23:36:40,439 - pso_logger - INFO - Best fitness: 9.734055205998732e-10
2026-03-10 23:36:40,439 - pso_logger - INFO - Iterations: 500
2026-03-10 23:36:40,439 - pso_logger - INFO - Time elapsed: 0.0696 s
2026-03-10 23:36:40,439 - pso_logger - INFO - Fitness difference: -9.734055205767818e-10
2026-03-10 23:36:40,439 - pso_logger - INFO - Winner: Custom PSO (Sequential)
2026-03-10 23:37:26,002 - pso_logger - INFO - ---ACKLEY---
2026-03-10 23:37:26,003 - pso_logger - INFO - [CUSTOM PSO (SEQUENTIAL)]
2026-03-10 23:37:26,003 - pso_logger - INFO - Hyperparameters: w=0.4, c1=1.2, c2=1.2, n_particles=90
2026-03-10 23:37:26,003 - pso_logger - INFO - Best fitness: 4.440892098500626e-16
2026-03-10 23:37:26,003 - pso_logger - INFO - Iterations: 84
2026-03-10 23:37:26,003 - pso_logger - INFO - Time elapsed: 0.3008 s
2026-03-10 23:37:26,003 - pso_logger - INFO - [PySwarm Baseline]
2026-03-10 23:37:26,003 - pso_logger - INFO - Best fitness: 3.087847888494366e-08
2026-03-10 23:37:26,003 - pso_logger - INFO - Iterations: 500
2026-03-10 23:37:26,003 - pso_logger - INFO - Time elapsed: 0.2015 s
2026-03-10 23:37:26,004 - pso_logger - INFO - Fitness difference: -3.087847844085445e-08
2026-03-10 23:37:26,004 - pso_logger - INFO - Winner: Custom PSO (Sequential)
2026-03-10 23:38:49,674 - pso_logger - INFO - ---ROSENBROCK---
2026-03-10 23:38:49,675 - pso_logger - INFO - [CUSTOM PSO (SEQUENTIAL)]
2026-03-10 23:38:49,675 - pso_logger - INFO - Hyperparameters: w=0.6, c1=1.2, c2=1.5, n_particles=100
2026-03-10 23:38:49,675 - pso_logger - INFO - Best fitness: 1.2782731795738514e-16
2026-03-10 23:38:49,675 - pso_logger - INFO - Iterations: 105
2026-03-10 23:38:49,675 - pso_logger - INFO - Time elapsed: 0.3917 s
2026-03-10 23:38:49,675 - pso_logger - INFO - [PySwarm Baseline]
2026-03-10 23:38:49,675 - pso_logger - INFO - Best fitness: 2.9377693279043382e-08
2026-03-10 23:38:49,675 - pso_logger - INFO - Iterations: 500
2026-03-10 23:38:49,675 - pso_logger - INFO - Time elapsed: 0.1148 s
2026-03-10 23:38:49,675 - pso_logger - INFO - Fitness difference: -2.9377693151216065e-08
2026-03-10 23:38:49,676 - pso_logger - INFO - Winner: Custom PSO (Sequential)
2026-03-10 23:40:35,137 - pso_logger - INFO - ---RASTRIGIN---
2026-03-10 23:40:35,137 - pso_logger - INFO - [CUSTOM PSO (SEQUENTIAL)]
2026-03-10 23:40:35,137 - pso_logger - INFO - Hyperparameters: w=0.5, c1=1.0, c2=1.4, n_particles=80
2026-03-10 23:40:35,137 - pso_logger - INFO - Best fitness: 0.0
2026-03-10 23:40:35,137 - pso_logger - INFO - Iterations: 70
2026-03-10 23:40:35,137 - pso_logger - INFO - Time elapsed: 0.1677 s
2026-03-10 23:40:35,137 - pso_logger - INFO - [PySwarm Baseline]
2026-03-10 23:40:35,137 - pso_logger - INFO - Best fitness: 1.5398512687170296e-08
2026-03-10 23:40:35,137 - pso_logger - INFO - Iterations: 500
2026-03-10 23:40:35,137 - pso_logger - INFO - Time elapsed: 0.0994 s
2026-03-10 23:40:35,137 - pso_logger - INFO - Fitness difference: -1.5398512687170296e-08
2026-03-10 23:40:35,137 - pso_logger - INFO - Winner: Custom PSO (Sequential)
2026-03-11 08:32:47,050 - pso_logger - INFO - ---SPHERE---
2026-03-11 08:32:47,052 - pso_logger - INFO - [CUSTOM PSO (SEQUENTIAL)]
2026-03-11 08:32:47,052 - pso_logger - INFO - Hyperparameters: w=0.4, c1=1.5, c2=1.2, n_particles=120
2026-03-11 08:32:47,052 - pso_logger - INFO - Best fitness: 1.356754429526344e-17
2026-03-11 08:32:47,052 - pso_logger - INFO - Iterations: 81
2026-03-11 08:32:47,052 - pso_logger - INFO - Time elapsed: 0.1981 s
2026-03-11 08:32:47,052 - pso_logger - INFO - [PySwarm Baseline]
2026-03-11 08:32:47,052 - pso_logger - INFO - Best fitness: 2.8523404870988655e-06
2026-03-11 08:32:47,052 - pso_logger - INFO - Iterations: 500
2026-03-11 08:32:47,052 - pso_logger - INFO - Time elapsed: 0.1465 s
2026-03-11 08:32:47,052 - pso_logger - INFO - Fitness difference: -2.852340487085298e-06
2026-03-11 08:32:47,052 - pso_logger - INFO - Winner: Custom PSO (Sequential)
2026-03-11 08:33:36,487 - pso_logger - INFO - ---ACKLEY---
2026-03-11 08:33:36,487 - pso_logger - INFO - [CUSTOM PSO (SEQUENTIAL)]
2026-03-11 08:33:36,487 - pso_logger - INFO - Hyperparameters: w=0.4, c1=1.5, c2=1.2, n_particles=120
2026-03-11 08:33:36,487 - pso_logger - INFO - Best fitness: 2.2071233729548112e-13
2026-03-11 08:33:36,487 - pso_logger - INFO - Iterations: 120
2026-03-11 08:33:36,487 - pso_logger - INFO - Time elapsed: 0.6117 s
2026-03-11 08:33:36,487 - pso_logger - INFO - [PySwarm Baseline]
2026-03-11 08:33:36,487 - pso_logger - INFO - Best fitness: 0.018474866531267953
2026-03-11 08:33:36,487 - pso_logger - INFO - Iterations: 500
2026-03-11 08:33:36,487 - pso_logger - INFO - Time elapsed: 0.4995 s
2026-03-11 08:33:36,487 - pso_logger - INFO - Fitness difference: -0.01847486653104724
2026-03-11 08:33:36,487 - pso_logger - INFO - Winner: Custom PSO (Sequential)
2026-03-11 08:35:24,259 - pso_logger - INFO - ---ROSENBROCK---
2026-03-11 08:35:24,259 - pso_logger - INFO - [CUSTOM PSO (SEQUENTIAL)]
2026-03-11 08:35:24,259 - pso_logger - INFO - Hyperparameters: w=0.6, c1=1.2, c2=1.8, n_particles=80
2026-03-11 08:35:24,259 - pso_logger - INFO - Best fitness: 0.07463403058470669
2026-03-11 08:35:24,259 - pso_logger - INFO - Iterations: 500
2026-03-11 08:35:24,259 - pso_logger - INFO - Time elapsed: 1.1788 s
2026-03-11 08:35:24,259 - pso_logger - INFO - [PySwarm Baseline]
2026-03-11 08:35:24,259 - pso_logger - INFO - Best fitness: 92.41921235502207
2026-03-11 08:35:24,259 - pso_logger - INFO - Iterations: 500
2026-03-11 08:35:24,259 - pso_logger - INFO - Time elapsed: 0.3945 s
2026-03-11 08:35:24,260 - pso_logger - INFO - Fitness difference: -92.34457832443736
2026-03-11 08:35:24,260 - pso_logger - INFO - Winner: Custom PSO (Sequential)
2026-03-11 08:38:23,665 - pso_logger - INFO - ---RASTRIGIN---
2026-03-11 08:38:23,665 - pso_logger - INFO - [CUSTOM PSO (SEQUENTIAL)]
2026-03-11 08:38:23,665 - pso_logger - INFO - Hyperparameters: w=0.5, c1=1.2, c2=1.4, n_particles=100
2026-03-11 08:38:23,665 - pso_logger - INFO - Best fitness: 0.9949590570932969
2026-03-11 08:38:23,666 - pso_logger - INFO - Iterations: 106
2026-03-11 08:38:23,666 - pso_logger - INFO - Time elapsed: 0.3101 s
2026-03-11 08:38:23,666 - pso_logger - INFO - [PySwarm Baseline]
2026-03-11 08:38:23,666 - pso_logger - INFO - Best fitness: 4.974808880729739
2026-03-11 08:38:23,666 - pso_logger - INFO - Iterations: 500
2026-03-11 08:38:23,666 - pso_logger - INFO - Time elapsed: 0.1968 s
2026-03-11 08:38:23,666 - pso_logger - INFO - Fitness difference: -3.9798498236364424
2026-03-11 08:38:23,666 - pso_logger - INFO - Winner: Custom PSO (Sequential)
2026-03-11 10:30:35,659 - pso_logger - INFO - ---SPHERE---
2026-03-11 10:30:35,662 - pso_logger - INFO - [CUSTOM PSO (SEQUENTIAL)]
2026-03-11 10:30:35,663 - pso_logger - INFO - Hyperparameters: w=0.4, c1=1.5, c2=1.2, n_particles=120
2026-03-11 10:30:35,663 - pso_logger - INFO - Best fitness: 1.356754429526344e-17
2026-03-11 10:30:35,663 - pso_logger - INFO - Iterations: 81
2026-03-11 10:30:35,663 - pso_logger - INFO - Time elapsed: 0.2191 s
2026-03-11 10:30:35,663 - pso_logger - INFO - [PySwarm Baseline]
2026-03-11 10:30:35,663 - pso_logger - INFO - Best fitness: 1.9158499105622446e-07
2026-03-11 10:30:35,663 - pso_logger - INFO - Iterations: 500
2026-03-11 10:30:35,663 - pso_logger - INFO - Time elapsed: 0.1214 s
2026-03-11 10:30:35,663 - pso_logger - INFO - Fitness difference: -1.9158499104265692e-07
2026-03-11 10:30:35,663 - pso_logger - INFO - Winner: Custom PSO (Sequential)
2026-03-11 10:31:19,807 - pso_logger - INFO - ---ACKLEY---
2026-03-11 10:31:19,807 - pso_logger - INFO - [CUSTOM PSO (SEQUENTIAL)]
2026-03-11 10:31:19,807 - pso_logger - INFO - Hyperparameters: w=0.4, c1=1.5, c2=1.2, n_particles=120
2026-03-11 10:31:19,807 - pso_logger - INFO - Best fitness: 2.2071233729548112e-13
2026-03-11 10:31:19,807 - pso_logger - INFO - Iterations: 120
2026-03-11 10:31:19,807 - pso_logger - INFO - Time elapsed: 0.4774 s
2026-03-11 10:31:19,808 - pso_logger - INFO - [PySwarm Baseline]
2026-03-11 10:31:19,808 - pso_logger - INFO - Best fitness: 4.400793032433015e-05
2026-03-11 10:31:19,808 - pso_logger - INFO - Iterations: 500
2026-03-11 10:31:19,808 - pso_logger - INFO - Time elapsed: 0.2757 s
2026-03-11 10:31:19,808 - pso_logger - INFO - Fitness difference: -4.400793010361781e-05
2026-03-11 10:31:19,808 - pso_logger - INFO - Winner: Custom PSO (Sequential)
2026-03-11 10:32:57,655 - pso_logger - INFO - ---ROSENBROCK---
2026-03-11 10:32:57,656 - pso_logger - INFO - [CUSTOM PSO (SEQUENTIAL)]
2026-03-11 10:32:57,656 - pso_logger - INFO - Hyperparameters: w=0.6, c1=1.2, c2=1.8, n_particles=80
2026-03-11 10:32:57,656 - pso_logger - INFO - Best fitness: 0.07463403058470669
2026-03-11 10:32:57,656 - pso_logger - INFO - Iterations: 500
2026-03-11 10:32:57,656 - pso_logger - INFO - Time elapsed: 1.2897 s
2026-03-11 10:32:57,656 - pso_logger - INFO - [PySwarm Baseline]
2026-03-11 10:32:57,656 - pso_logger - INFO - Best fitness: 9.197313142837187
2026-03-11 10:32:57,656 - pso_logger - INFO - Iterations: 500
2026-03-11 10:32:57,656 - pso_logger - INFO - Time elapsed: 0.3784 s
2026-03-11 10:32:57,656 - pso_logger - INFO - Fitness difference: -9.12267911225248
2026-03-11 10:32:57,656 - pso_logger - INFO - Winner: Custom PSO (Sequential)
2026-03-11 10:37:14,728 - pso_logger - INFO - ---RASTRIGIN---
2026-03-11 10:37:14,728 - pso_logger - INFO - [CUSTOM PSO (SEQUENTIAL)]
2026-03-11 10:37:14,729 - pso_logger - INFO - Hyperparameters: w=0.5, c1=1.2, c2=1.4, n_particles=100
2026-03-11 10:37:14,729 - pso_logger - INFO - Best fitness: 0.9949590570932969
2026-03-11 10:37:14,729 - pso_logger - INFO - Iterations: 106
2026-03-11 10:37:14,729 - pso_logger - INFO - Time elapsed: 0.3081 s
2026-03-11 10:37:14,729 - pso_logger - INFO - [PySwarm Baseline]
2026-03-11 10:37:14,729 - pso_logger - INFO - Best fitness: 14.924492953384785
2026-03-11 10:37:14,729 - pso_logger - INFO - Iterations: 500
2026-03-11 10:37:14,729 - pso_logger - INFO - Time elapsed: 0.3992 s
2026-03-11 10:37:14,729 - pso_logger - INFO - Fitness difference: -13.929533896291488
2026-03-11 10:37:14,729 - pso_logger - INFO - Winner: Custom PSO (Sequential)
2026-03-11 11:16:12,870 - pso_logger - INFO - ---SPHERE---
2026-03-11 11:16:12,872 - pso_logger - INFO - [CUSTOM PSO (SEQUENTIAL)]
2026-03-11 11:16:12,872 - pso_logger - INFO - Hyperparameters: w=0.4, c1=1.8, c2=1.2, n_particles=60
2026-03-11 11:16:12,873 - pso_logger - INFO - Best fitness: 2.3091428582454647e-20
2026-03-11 11:16:12,873 - pso_logger - INFO - Iterations: 59
2026-03-11 11:16:12,873 - pso_logger - INFO - Time elapsed: 0.0852 s
2026-03-11 11:16:12,873 - pso_logger - INFO - [PySwarm Baseline]
2026-03-11 11:16:12,873 - pso_logger - INFO - Best fitness: 4.93147343215867e-09
2026-03-11 11:16:12,873 - pso_logger - INFO - Iterations: 500
2026-03-11 11:16:12,873 - pso_logger - INFO - Time elapsed: 0.0427 s
2026-03-11 11:16:12,873 - pso_logger - INFO - Fitness difference: -4.931473432135579e-09
2026-03-11 11:16:12,873 - pso_logger - INFO - Winner: Custom PSO (Sequential)
2026-03-11 11:16:55,555 - pso_logger - INFO - ---ACKLEY---
2026-03-11 11:16:55,556 - pso_logger - INFO - [CUSTOM PSO (SEQUENTIAL)]
2026-03-11 11:16:55,556 - pso_logger - INFO - Hyperparameters: w=0.4, c1=1.2, c2=1.2, n_particles=90
2026-03-11 11:16:55,556 - pso_logger - INFO - Best fitness: 4.440892098500626e-16
2026-03-11 11:16:55,556 - pso_logger - INFO - Iterations: 84
2026-03-11 11:16:55,556 - pso_logger - INFO - Time elapsed: 0.2636 s
2026-03-11 11:16:55,556 - pso_logger - INFO - [PySwarm Baseline]
2026-03-11 11:16:55,556 - pso_logger - INFO - Best fitness: 5.776045011618436e-06
2026-03-11 11:16:55,556 - pso_logger - INFO - Iterations: 500
2026-03-11 11:16:55,556 - pso_logger - INFO - Time elapsed: 0.1125 s
2026-03-11 11:16:55,556 - pso_logger - INFO - Fitness difference: -5.776045011174347e-06
2026-03-11 11:16:55,556 - pso_logger - INFO - Winner: Custom PSO (Sequential)
2026-03-11 11:18:01,976 - pso_logger - INFO - ---ROSENBROCK---
2026-03-11 11:18:01,976 - pso_logger - INFO - [CUSTOM PSO (SEQUENTIAL)]
2026-03-11 11:18:01,976 - pso_logger - INFO - Hyperparameters: w=0.6, c1=1.2, c2=1.5, n_particles=100
2026-03-11 11:18:01,976 - pso_logger - INFO - Best fitness: 1.2782731795738514e-16
2026-03-11 11:18:01,976 - pso_logger - INFO - Iterations: 105
2026-03-11 11:18:01,976 - pso_logger - INFO - Time elapsed: 0.3092 s
2026-03-11 11:18:01,976 - pso_logger - INFO - [PySwarm Baseline]
2026-03-11 11:18:01,976 - pso_logger - INFO - Best fitness: 1.8457151702363223e-08
2026-03-11 11:18:01,976 - pso_logger - INFO - Iterations: 500
2026-03-11 11:18:01,976 - pso_logger - INFO - Time elapsed: 0.1300 s
2026-03-11 11:18:01,976 - pso_logger - INFO - Fitness difference: -1.8457151574535906e-08
2026-03-11 11:18:01,976 - pso_logger - INFO - Winner: Custom PSO (Sequential)
2026-03-11 11:19:36,179 - pso_logger - INFO - ---RASTRIGIN---
2026-03-11 11:19:36,180 - pso_logger - INFO - [CUSTOM PSO (SEQUENTIAL)]
2026-03-11 11:19:36,180 - pso_logger - INFO - Hyperparameters: w=0.5, c1=1.0, c2=1.4, n_particles=80
2026-03-11 11:19:36,180 - pso_logger - INFO - Best fitness: 0.0
2026-03-11 11:19:36,180 - pso_logger - INFO - Iterations: 70
2026-03-11 11:19:36,180 - pso_logger - INFO - Time elapsed: 0.1580 s
2026-03-11 11:19:36,180 - pso_logger - INFO - [PySwarm Baseline]
2026-03-11 11:19:36,180 - pso_logger - INFO - Best fitness: 1.830106555189559e-08
2026-03-11 11:19:36,180 - pso_logger - INFO - Iterations: 500
2026-03-11 11:19:36,180 - pso_logger - INFO - Time elapsed: 0.0895 s
2026-03-11 11:19:36,180 - pso_logger - INFO - Fitness difference: -1.830106555189559e-08
2026-03-11 11:19:36,180 - pso_logger - INFO - Winner: Custom PSO (Sequential)
2026-03-15 12:31:34,996 - pso_logger - INFO - ---SPHERE---
2026-03-15 12:31:34,997 - pso_logger - INFO - [CUSTOM PSO (SEQUENTIAL)]
2026-03-15 12:31:34,997 - pso_logger - INFO - Hyperparameters: w=0.4, c1=1.8, c2=1.2, n_particles=60
2026-03-15 12:31:34,997 - pso_logger - INFO - Best fitness: 2.3091428582454647e-20
2026-03-15 12:31:34,997 - pso_logger - INFO - Iterations: 59
2026-03-15 12:31:34,997 - pso_logger - INFO - Time elapsed: 0.1617 s
2026-03-15 12:31:34,997 - pso_logger - INFO - [PySwarm Baseline]
2026-03-15 12:31:34,997 - pso_logger - INFO - Best fitness: 7.120674120043364e-08
2026-03-15 12:31:34,997 - pso_logger - INFO - Iterations: 500
2026-03-15 12:31:34,997 - pso_logger - INFO - Time elapsed: 0.0464 s
2026-03-15 12:31:34,997 - pso_logger - INFO - Fitness difference: -7.120674120041055e-08
2026-03-15 12:31:34,997 - pso_logger - INFO - Winner: Custom PSO (Sequential)
2026-03-15 12:32:20,778 - pso_logger - INFO - ---ACKLEY---
2026-03-15 12:32:20,779 - pso_logger - INFO - [CUSTOM PSO (SEQUENTIAL)]
2026-03-15 12:32:20,779 - pso_logger - INFO - Hyperparameters: w=0.4, c1=1.2, c2=1.2, n_particles=90
2026-03-15 12:32:20,779 - pso_logger - INFO - Best fitness: 4.440892098500626e-16
2026-03-15 12:32:20,779 - pso_logger - INFO - Iterations: 84
2026-03-15 12:32:20,779 - pso_logger - INFO - Time elapsed: 0.2690 s
2026-03-15 12:32:20,779 - pso_logger - INFO - [PySwarm Baseline]
2026-03-15 12:32:20,779 - pso_logger - INFO - Best fitness: 9.340063389373654e-09
2026-03-15 12:32:20,779 - pso_logger - INFO - Iterations: 500
2026-03-15 12:32:20,779 - pso_logger - INFO - Time elapsed: 0.2013 s
2026-03-15 12:32:20,779 - pso_logger - INFO - Fitness difference: -9.340062945284444e-09
2026-03-15 12:32:20,779 - pso_logger - INFO - Winner: Custom PSO (Sequential)
2026-03-15 12:33:50,362 - pso_logger - INFO - ---ROSENBROCK---
2026-03-15 12:33:50,363 - pso_logger - INFO - [CUSTOM PSO (SEQUENTIAL)]
2026-03-15 12:33:50,363 - pso_logger - INFO - Hyperparameters: w=0.6, c1=1.2, c2=1.5, n_particles=100
2026-03-15 12:33:50,363 - pso_logger - INFO - Best fitness: 1.2782731795738514e-16
2026-03-15 12:33:50,363 - pso_logger - INFO - Iterations: 105
2026-03-15 12:33:50,363 - pso_logger - INFO - Time elapsed: 0.3570 s
2026-03-15 12:33:50,363 - pso_logger - INFO - [PySwarm Baseline]
2026-03-15 12:33:50,363 - pso_logger - INFO - Best fitness: 2.4752098954785296e-08
2026-03-15 12:33:50,364 - pso_logger - INFO - Iterations: 500
2026-03-15 12:33:50,364 - pso_logger - INFO - Time elapsed: 0.2336 s
2026-03-15 12:33:50,364 - pso_logger - INFO - Fitness difference: -2.475209882695798e-08
2026-03-15 12:33:50,364 - pso_logger - INFO - Winner: Custom PSO (Sequential)
2026-03-15 12:35:36,370 - pso_logger - INFO - ---RASTRIGIN---
2026-03-15 12:35:36,371 - pso_logger - INFO - [CUSTOM PSO (SEQUENTIAL)]
2026-03-15 12:35:36,371 - pso_logger - INFO - Hyperparameters: w=0.5, c1=1.0, c2=1.4, n_particles=80
2026-03-15 12:35:36,371 - pso_logger - INFO - Best fitness: 0.0
2026-03-15 12:35:36,371 - pso_logger - INFO - Iterations: 70
2026-03-15 12:35:36,371 - pso_logger - INFO - Time elapsed: 0.1827 s
2026-03-15 12:35:36,371 - pso_logger - INFO - [PySwarm Baseline]
2026-03-15 12:35:36,371 - pso_logger - INFO - Best fitness: 2.0451787818842604e-07
2026-03-15 12:35:36,371 - pso_logger - INFO - Iterations: 500
2026-03-15 12:35:36,371 - pso_logger - INFO - Time elapsed: 0.0845 s
2026-03-15 12:35:36,371 - pso_logger - INFO - Fitness difference: -2.0451787818842604e-07
2026-03-15 12:35:36,372 - pso_logger - INFO - Winner: Custom PSO (Sequential)
2026-03-15 12:59:22,954 - pso_logger - INFO - ---SPHERE---
2026-03-15 12:59:22,972 - pso_logger - INFO - [CUSTOM PSO (SEQUENTIAL)]
2026-03-15 12:59:22,972 - pso_logger - INFO - Hyperparameter source: grid_search
2026-03-15 12:59:22,972 - pso_logger - INFO - Hyperparameters: w=0.4, c1=1.8, c2=1.2, n_particles=60
2026-03-15 12:59:22,972 - pso_logger - INFO - Best fitness: 2.3091428582454647e-20
2026-03-15 12:59:22,972 - pso_logger - INFO - Iterations: 59
2026-03-15 12:59:22,972 - pso_logger - INFO - Time elapsed: 0.0991 s
2026-03-15 12:59:22,972 - pso_logger - INFO - [PySwarm Baseline]
2026-03-15 12:59:22,972 - pso_logger - INFO - Best fitness: 7.096262135178624e-11
2026-03-15 12:59:22,972 - pso_logger - INFO - Iterations: 500
2026-03-15 12:59:22,973 - pso_logger - INFO - Time elapsed: 0.0785 s
2026-03-15 12:59:22,973 - pso_logger - INFO - Fitness difference: -7.096262132869481e-11
2026-03-15 12:59:22,973 - pso_logger - INFO - Winner: Custom PSO (Sequential)
2026-03-15 13:00:18,934 - pso_logger - INFO - ---ACKLEY---
2026-03-15 13:00:18,934 - pso_logger - INFO - [CUSTOM PSO (SEQUENTIAL)]
2026-03-15 13:00:18,935 - pso_logger - INFO - Hyperparameter source: grid_search
2026-03-15 13:00:18,935 - pso_logger - INFO - Hyperparameters: w=0.4, c1=1.2, c2=1.2, n_particles=90
2026-03-15 13:00:18,935 - pso_logger - INFO - Best fitness: 4.440892098500626e-16
2026-03-15 13:00:18,935 - pso_logger - INFO - Iterations: 84
2026-03-15 13:00:18,935 - pso_logger - INFO - Time elapsed: 0.3672 s
2026-03-15 13:00:18,935 - pso_logger - INFO - [PySwarm Baseline]
2026-03-15 13:00:18,935 - pso_logger - INFO - Best fitness: 3.514793474046485e-07
2026-03-15 13:00:18,935 - pso_logger - INFO - Iterations: 500
2026-03-15 13:00:18,935 - pso_logger - INFO - Time elapsed: 0.1787 s
2026-03-15 13:00:18,935 - pso_logger - INFO - Fitness difference: -3.5147934696055927e-07
2026-03-15 13:00:18,935 - pso_logger - INFO - Winner: Custom PSO (Sequential)
2026-03-15 13:02:11,482 - pso_logger - INFO - ---ROSENBROCK---
2026-03-15 13:02:11,483 - pso_logger - INFO - [CUSTOM PSO (SEQUENTIAL)]
2026-03-15 13:02:11,483 - pso_logger - INFO - Hyperparameter source: grid_search
2026-03-15 13:02:11,484 - pso_logger - INFO - Hyperparameters: w=0.6, c1=1.2, c2=1.5, n_particles=100
2026-03-15 13:02:11,484 - pso_logger - INFO - Best fitness: 1.2782731795738514e-16
2026-03-15 13:02:11,484 - pso_logger - INFO - Iterations: 105
2026-03-15 13:02:11,484 - pso_logger - INFO - Time elapsed: 0.5198 s
2026-03-15 13:02:11,484 - pso_logger - INFO - [PySwarm Baseline]
2026-03-15 13:02:11,484 - pso_logger - INFO - Best fitness: 1.6583104414435718e-06
2026-03-15 13:02:11,484 - pso_logger - INFO - Iterations: 500
2026-03-15 13:02:11,484 - pso_logger - INFO - Time elapsed: 0.2451 s
2026-03-15 13:02:11,484 - pso_logger - INFO - Fitness difference: -1.6583104413157446e-06
2026-03-15 13:02:11,484 - pso_logger - INFO - Winner: Custom PSO (Sequential)
2026-03-15 13:04:53,220 - pso_logger - INFO - ---RASTRIGIN---
2026-03-15 13:04:53,221 - pso_logger - INFO - [CUSTOM PSO (SEQUENTIAL)]
2026-03-15 13:04:53,221 - pso_logger - INFO - Hyperparameter source: grid_search
2026-03-15 13:04:53,221 - pso_logger - INFO - Hyperparameters: w=0.5, c1=1.0, c2=1.4, n_particles=80
2026-03-15 13:04:53,221 - pso_logger - INFO - Best fitness: 0.0
2026-03-15 13:04:53,221 - pso_logger - INFO - Iterations: 70
2026-03-15 13:04:53,221 - pso_logger - INFO - Time elapsed: 0.1776 s
2026-03-15 13:04:53,221 - pso_logger - INFO - [PySwarm Baseline]
2026-03-15 13:04:53,221 - pso_logger - INFO - Best fitness: 1.495692458775011e-11
2026-03-15 13:04:53,221 - pso_logger - INFO - Iterations: 500
2026-03-15 13:04:53,221 - pso_logger - INFO - Time elapsed: 0.1378 s
2026-03-15 13:04:53,221 - pso_logger - INFO - Fitness difference: -1.495692458775011e-11
2026-03-15 13:04:53,221 - pso_logger - INFO - Winner: Custom PSO (Sequential)
2026-03-16 08:36:15,340 - pso_logger - INFO - ---SPHERE---
2026-03-16 08:36:16,275 - pso_logger - INFO - [CUSTOM PSO (SEQUENTIAL)]
2026-03-16 08:36:16,275 - pso_logger - INFO - Hyperparameter source: grid_search
2026-03-16 08:36:16,275 - pso_logger - INFO - Hyperparameters: w=0.4, c1=1.8, c2=1.2, n_particles=60
2026-03-16 08:36:16,276 - pso_logger - INFO - Best fitness: 2.3091428582454647e-20
2026-03-16 08:36:16,276 - pso_logger - INFO - Iterations: 59
2026-03-16 08:36:16,276 - pso_logger - INFO - Time elapsed: 0.0698 s
2026-03-16 08:36:16,276 - pso_logger - INFO - [PySwarm Baseline]
2026-03-16 08:36:16,276 - pso_logger - INFO - Best fitness: 3.3419149246636434e-08
2026-03-16 08:36:16,276 - pso_logger - INFO - Iterations: 500
2026-03-16 08:36:16,276 - pso_logger - INFO - Time elapsed: 0.0322 s
2026-03-16 08:36:16,276 - pso_logger - INFO - Fitness difference: -3.3419149246613346e-08
2026-03-16 08:36:16,276 - pso_logger - INFO - Winner: Custom PSO (Sequential)
2026-03-16 08:36:53,638 - pso_logger - INFO - ---ACKLEY---
2026-03-16 08:36:53,638 - pso_logger - INFO - [CUSTOM PSO (SEQUENTIAL)]
2026-03-16 08:36:53,638 - pso_logger - INFO - Hyperparameter source: grid_search
2026-03-16 08:36:53,638 - pso_logger - INFO - Hyperparameters: w=0.4, c1=1.2, c2=1.2, n_particles=90
2026-03-16 08:36:53,638 - pso_logger - INFO - Best fitness: 4.440892098500626e-16
2026-03-16 08:36:53,638 - pso_logger - INFO - Iterations: 84
2026-03-16 08:36:53,638 - pso_logger - INFO - Time elapsed: 0.2428 s
2026-03-16 08:36:53,638 - pso_logger - INFO - [PySwarm Baseline]
2026-03-16 08:36:53,638 - pso_logger - INFO - Best fitness: 1.5352221272024735e-08
2026-03-16 08:36:53,638 - pso_logger - INFO - Iterations: 500
2026-03-16 08:36:53,638 - pso_logger - INFO - Time elapsed: 0.1336 s
2026-03-16 08:36:53,638 - pso_logger - INFO - Fitness difference: -1.5352220827935525e-08
2026-03-16 08:36:53,638 - pso_logger - INFO - Winner: Custom PSO (Sequential)
2026-03-17 14:57:10,013 - pso_logger - INFO - ---SPHERE---
2026-03-17 14:57:10,014 - pso_logger - INFO - [CUSTOM PSO (SEQUENTIAL)]
2026-03-17 14:57:10,015 - pso_logger - INFO - Hyperparameter source: grid_search
2026-03-17 14:57:10,015 - pso_logger - INFO - Hyperparameters: w=0.4, c1=1.8, c2=1.2, n_particles=60
2026-03-17 14:57:10,015 - pso_logger - INFO - Best fitness: 2.3091428582454647e-20
2026-03-17 14:57:10,016 - pso_logger - INFO - Iterations: 59
2026-03-17 14:57:10,016 - pso_logger - INFO - Time elapsed: 0.0904 s
2026-03-17 14:57:10,016 - pso_logger - INFO - [CUSTOM PSO (THREADING)]
2026-03-17 14:57:10,017 - pso_logger - INFO - max_workers: None
2026-03-17 14:57:10,017 - pso_logger - INFO - Best fitness: 2.3091428582454647e-20
2026-03-17 14:57:10,017 - pso_logger - INFO - Iterations: 59
2026-03-17 14:57:10,018 - pso_logger - INFO - Time elapsed: 0.2069 s
2026-03-17 14:57:10,018 - pso_logger - INFO - [PySwarm Baseline]
2026-03-17 14:57:10,018 - pso_logger - INFO - Best fitness: 1.3161993192553302e-08
2026-03-17 14:57:10,018 - pso_logger - INFO - Iterations: 500
2026-03-17 14:57:10,019 - pso_logger - INFO - Time elapsed: 0.0417 s
2026-03-17 14:57:10,019 - pso_logger - INFO - Sequential vs threading fitness difference: 0.0
2026-03-17 14:57:10,020 - pso_logger - INFO - Sequential vs threading speedup: 0.4365979728777184
2026-03-17 14:57:10,020 - pso_logger - INFO - Sequential vs PySwarm fitness difference: -1.316199319253021e-08
2026-03-17 14:57:10,020 - pso_logger - INFO - Winner: Tie
2026-03-17 14:57:10,021 - pso_logger - INFO - Threading note: improvements depend on whether the objective releases the GIL; NumPy-heavy kernels may benefit, small Python-level workloads may not.
2026-03-17 14:58:04,254 - pso_logger - INFO - ---ACKLEY---
2026-03-17 14:58:04,256 - pso_logger - INFO - [CUSTOM PSO (SEQUENTIAL)]
2026-03-17 14:58:04,256 - pso_logger - INFO - Hyperparameter source: grid_search
2026-03-17 14:58:04,257 - pso_logger - INFO - Hyperparameters: w=0.4, c1=1.2, c2=1.2, n_particles=90
2026-03-17 14:58:04,257 - pso_logger - INFO - Best fitness: 4.440892098500626e-16
2026-03-17 14:58:04,258 - pso_logger - INFO - Iterations: 84
2026-03-17 14:58:04,258 - pso_logger - INFO - Time elapsed: 0.4430 s
2026-03-17 14:58:04,258 - pso_logger - INFO - [CUSTOM PSO (THREADING)]
2026-03-17 14:58:04,259 - pso_logger - INFO - max_workers: None
2026-03-17 14:58:04,259 - pso_logger - INFO - Best fitness: 4.440892098500626e-16
2026-03-17 14:58:04,260 - pso_logger - INFO - Iterations: 84
2026-03-17 14:58:04,260 - pso_logger - INFO - Time elapsed: 0.8486 s
2026-03-17 14:58:04,260 - pso_logger - INFO - [PySwarm Baseline]
2026-03-17 14:58:04,261 - pso_logger - INFO - Best fitness: 5.411959325130056e-09
2026-03-17 14:58:04,261 - pso_logger - INFO - Iterations: 500
2026-03-17 14:58:04,262 - pso_logger - INFO - Time elapsed: 0.2792 s
2026-03-17 14:58:04,262 - pso_logger - INFO - Sequential vs threading fitness difference: 0.0
2026-03-17 14:58:04,263 - pso_logger - INFO - Sequential vs threading speedup: 0.5220478252464335
2026-03-17 14:58:04,263 - pso_logger - INFO - Sequential vs PySwarm fitness difference: -5.411958881040846e-09
2026-03-17 14:58:04,264 - pso_logger - INFO - Winner: Tie
2026-03-17 14:58:04,264 - pso_logger - INFO - Threading note: improvements depend on whether the objective releases the GIL; NumPy-heavy kernels may benefit, small Python-level workloads may not.
2026-03-17 14:58:34,620 - pso_logger - INFO - ---SPHERE---
2026-03-17 14:58:34,621 - pso_logger - INFO - [CUSTOM PSO (SEQUENTIAL)]
2026-03-17 14:58:34,622 - pso_logger - INFO - Hyperparameter source: fixed_config
2026-03-17 14:58:34,622 - pso_logger - INFO - Hyperparameters: w=0.7, c1=1.5, c2=1.5, n_particles=20
2026-03-17 14:58:34,623 - pso_logger - INFO - Best fitness: 0.00015771420766095464
2026-03-17 14:58:34,623 - pso_logger - INFO - Iterations: 19
2026-03-17 14:58:34,624 - pso_logger - INFO - Time elapsed: 0.1089 s
2026-03-17 14:58:34,624 - pso_logger - INFO - [CUSTOM PSO (THREADING)]
2026-03-17 14:58:34,625 - pso_logger - INFO - max_workers: None
2026-03-17 14:58:34,625 - pso_logger - INFO - Best fitness: 0.00015771420766095464
2026-03-17 14:58:34,625 - pso_logger - INFO - Iterations: 19
2026-03-17 14:58:34,626 - pso_logger - INFO - Time elapsed: 0.2105 s
2026-03-17 14:58:34,626 - pso_logger - INFO - [PySwarm Baseline]
2026-03-17 14:58:34,627 - pso_logger - INFO - Best fitness: 2.9710632962685983e-05
2026-03-17 14:58:34,627 - pso_logger - INFO - Iterations: 30
2026-03-17 14:58:34,628 - pso_logger - INFO - Time elapsed: 0.0468 s
2026-03-17 14:58:34,630 - pso_logger - INFO - Sequential vs threading fitness difference: 0.0
2026-03-17 14:58:34,633 - pso_logger - INFO - Sequential vs threading speedup: 0.5171260867096115
2026-03-17 14:58:34,634 - pso_logger - INFO - Sequential vs PySwarm fitness difference: 0.00012800357469826864
2026-03-17 14:58:34,634 - pso_logger - INFO - Winner: PySwarm
2026-03-17 14:58:34,636 - pso_logger - INFO - Threading note: improvements depend on whether the objective releases the GIL; NumPy-heavy kernels may benefit, small Python-level workloads may not.
2026-03-17 14:59:24,076 - pso_logger - INFO - ---SPHERE---
2026-03-17 14:59:24,079 - pso_logger - INFO - [CUSTOM PSO (SEQUENTIAL)]
2026-03-17 14:59:24,080 - pso_logger - INFO - Hyperparameter source: fixed_config
2026-03-17 14:59:24,081 - pso_logger - INFO - Hyperparameters: w=0.7, c1=1.5, c2=1.5, n_particles=20
2026-03-17 14:59:24,081 - pso_logger - INFO - Best fitness: 0.00015771420766095464
2026-03-17 14:59:24,082 - pso_logger - INFO - Iterations: 19
2026-03-17 14:59:24,082 - pso_logger - INFO - Time elapsed: 0.0159 s
2026-03-17 14:59:24,083 - pso_logger - INFO - [CUSTOM PSO (THREADING)]
2026-03-17 14:59:24,083 - pso_logger - INFO - max_workers: None
2026-03-17 14:59:24,084 - pso_logger - INFO - Best fitness: 0.00015771420766095464
2026-03-17 14:59:24,085 - pso_logger - INFO - Iterations: 19
2026-03-17 14:59:24,086 - pso_logger - INFO - Time elapsed: 0.0746 s
2026-03-17 14:59:24,088 - pso_logger - INFO - [PySwarm Baseline]
2026-03-17 14:59:24,088 - pso_logger - INFO - Best fitness: 8.891129321141253e-07
2026-03-17 14:59:24,089 - pso_logger - INFO - Iterations: 30
2026-03-17 14:59:24,090 - pso_logger - INFO - Time elapsed: 0.0313 s
2026-03-17 14:59:24,091 - pso_logger - INFO - Sequential vs threading fitness difference: 0.0
2026-03-17 14:59:24,091 - pso_logger - INFO - Sequential vs threading speedup: 0.21273950036615197
2026-03-17 14:59:24,092 - pso_logger - INFO - Sequential vs PySwarm fitness difference: 0.0001568250947288405
2026-03-17 14:59:24,092 - pso_logger - INFO - Winner: PySwarm
2026-03-17 14:59:24,093 - pso_logger - INFO - Threading note: improvements depend on whether the objective releases the GIL; NumPy-heavy kernels may benefit, small Python-level workloads may not.
2026-03-17 14:59:30,773 - pso_logger - INFO - ---SPHERE---
2026-03-17 14:59:30,774 - pso_logger - INFO - [CUSTOM PSO (SEQUENTIAL)]
2026-03-17 14:59:30,775 - pso_logger - INFO - Hyperparameter source: fixed_config
2026-03-17 14:59:30,779 - pso_logger - INFO - Hyperparameters: w=0.7, c1=1.5, c2=1.5, n_particles=20
2026-03-17 14:59:30,780 - pso_logger - INFO - Best fitness: 0.00015771420766095464
2026-03-17 14:59:30,781 - pso_logger - INFO - Iterations: 19
2026-03-17 14:59:30,782 - pso_logger - INFO - Time elapsed: 0.0251 s
2026-03-17 14:59:30,782 - pso_logger - INFO - [CUSTOM PSO (THREADING)]
2026-03-17 14:59:30,783 - pso_logger - INFO - max_workers: None
2026-03-17 14:59:30,783 - pso_logger - INFO - Best fitness: 0.00015771420766095464
2026-03-17 14:59:30,783 - pso_logger - INFO - Iterations: 19
2026-03-17 14:59:30,784 - pso_logger - INFO - Time elapsed: 0.1131 s
2026-03-17 14:59:30,785 - pso_logger - INFO - [PySwarm Baseline]
2026-03-17 14:59:30,785 - pso_logger - INFO - Best fitness: 0.0007883293846976352
2026-03-17 14:59:30,786 - pso_logger - INFO - Iterations: 30
2026-03-17 14:59:30,786 - pso_logger - INFO - Time elapsed: 0.0543 s
2026-03-17 14:59:30,787 - pso_logger - INFO - Sequential vs threading fitness difference: 0.0
2026-03-17 14:59:30,787 - pso_logger - INFO - Sequential vs threading speedup: 0.22189668268040608
2026-03-17 14:59:30,788 - pso_logger - INFO - Sequential vs PySwarm fitness difference: -0.0006306151770366806
2026-03-17 14:59:30,788 - pso_logger - INFO - Winner: Tie
2026-03-17 14:59:30,789 - pso_logger - INFO - Threading note: improvements depend on whether the objective releases the GIL; NumPy-heavy kernels may benefit, small Python-level workloads may not.
2026-03-17 15:00:21,213 - pso_logger - INFO - ---ROSENBROCK---
2026-03-17 15:00:21,214 - pso_logger - INFO - [CUSTOM PSO (SEQUENTIAL)]
2026-03-17 15:00:21,214 - pso_logger - INFO - Hyperparameter source: grid_search
2026-03-17 15:00:21,215 - pso_logger - INFO - Hyperparameters: w=0.6, c1=1.2, c2=1.5, n_particles=100
2026-03-17 15:00:21,215 - pso_logger - INFO - Best fitness: 1.2782731795738514e-16
2026-03-17 15:00:21,215 - pso_logger - INFO - Iterations: 105
2026-03-17 15:00:21,216 - pso_logger - INFO - Time elapsed: 0.3817 s
2026-03-17 15:00:21,216 - pso_logger - INFO - [CUSTOM PSO (THREADING)]
2026-03-17 15:00:21,216 - pso_logger - INFO - max_workers: None
2026-03-17 15:00:21,217 - pso_logger - INFO - Best fitness: 1.2782731795738514e-16
2026-03-17 15:00:21,217 - pso_logger - INFO - Iterations: 105
2026-03-17 15:00:21,217 - pso_logger - INFO - Time elapsed: 0.7226 s
2026-03-17 15:00:21,218 - pso_logger - INFO - [PySwarm Baseline]
2026-03-17 15:00:21,218 - pso_logger - INFO - Best fitness: 5.83070045004825e-08
2026-03-17 15:00:21,219 - pso_logger - INFO - Iterations: 500
2026-03-17 15:00:21,220 - pso_logger - INFO - Time elapsed: 0.2305 s
2026-03-17 15:00:21,220 - pso_logger - INFO - Sequential vs threading fitness difference: 0.0
2026-03-17 15:00:21,220 - pso_logger - INFO - Sequential vs threading speedup: 0.5281818664555615
2026-03-17 15:00:21,221 - pso_logger - INFO - Sequential vs PySwarm fitness difference: -5.8307004372655184e-08
2026-03-17 15:00:21,221 - pso_logger - INFO - Winner: Tie
2026-03-17 15:00:21,221 - pso_logger - INFO - Threading note: improvements depend on whether the objective releases the GIL; NumPy-heavy kernels may benefit, small Python-level workloads may not.
2026-03-17 15:02:43,704 - pso_logger - INFO - ---SPHERE---
2026-03-17 15:02:43,704 - pso_logger - INFO - [CUSTOM PSO (SEQUENTIAL)]
2026-03-17 15:02:43,704 - pso_logger - INFO - Hyperparameter source: grid_search
2026-03-17 15:02:43,704 - pso_logger - INFO - Hyperparameters: w=0.4, c1=1.8, c2=1.2, n_particles=60
2026-03-17 15:02:43,704 - pso_logger - INFO - Best fitness: 2.3091428582454647e-20
2026-03-17 15:02:43,704 - pso_logger - INFO - Iterations: 59
2026-03-17 15:02:43,705 - pso_logger - INFO - Time elapsed: 0.1581 s
2026-03-17 15:02:43,705 - pso_logger - INFO - [CUSTOM PSO (THREADING)]
2026-03-17 15:02:43,705 - pso_logger - INFO - max_workers: None
2026-03-17 15:02:43,705 - pso_logger - INFO - Best fitness: 2.3091428582454647e-20
2026-03-17 15:02:43,705 - pso_logger - INFO - Iterations: 59
2026-03-17 15:02:43,705 - pso_logger - INFO - Time elapsed: 0.2898 s
2026-03-17 15:02:43,705 - pso_logger - INFO - [PySwarm Baseline]
2026-03-17 15:02:43,705 - pso_logger - INFO - Best fitness: 3.92945853753945e-11
2026-03-17 15:02:43,705 - pso_logger - INFO - Iterations: 500
2026-03-17 15:02:43,705 - pso_logger - INFO - Time elapsed: 0.0513 s
2026-03-17 15:02:43,705 - pso_logger - INFO - Sequential vs threading fitness difference: 0.0
2026-03-17 15:02:43,705 - pso_logger - INFO - Sequential vs threading speedup: 0.5455236815403858
2026-03-17 15:02:43,705 - pso_logger - INFO - Sequential vs PySwarm fitness difference: -3.929458535230307e-11
2026-03-17 15:02:43,706 - pso_logger - INFO - Winner: Tie
2026-03-17 15:02:43,706 - pso_logger - INFO - Threading note: improvements depend on whether the objective releases the GIL; NumPy-heavy kernels may benefit, small Python-level workloads may not.
2026-03-17 15:03:06,849 - pso_logger - INFO - ---RASTRIGIN---
2026-03-17 15:03:06,850 - pso_logger - INFO - [CUSTOM PSO (SEQUENTIAL)]
2026-03-17 15:03:06,851 - pso_logger - INFO - Hyperparameter source: grid_search
2026-03-17 15:03:06,851 - pso_logger - INFO - Hyperparameters: w=0.5, c1=1.0, c2=1.4, n_particles=80
2026-03-17 15:03:06,852 - pso_logger - INFO - Best fitness: 0.0
2026-03-17 15:03:06,854 - pso_logger - INFO - Iterations: 70
2026-03-17 15:03:06,855 - pso_logger - INFO - Time elapsed: 0.3015 s
2026-03-17 15:03:06,856 - pso_logger - INFO - [CUSTOM PSO (THREADING)]
2026-03-17 15:03:06,857 - pso_logger - INFO - max_workers: None
2026-03-17 15:03:06,858 - pso_logger - INFO - Best fitness: 0.0
2026-03-17 15:03:06,859 - pso_logger - INFO - Iterations: 70
2026-03-17 15:03:06,859 - pso_logger - INFO - Time elapsed: 0.7972 s
2026-03-17 15:03:06,864 - pso_logger - INFO - [PySwarm Baseline]
2026-03-17 15:03:06,864 - pso_logger - INFO - Best fitness: 7.557773074040597e-09
2026-03-17 15:03:06,865 - pso_logger - INFO - Iterations: 500
2026-03-17 15:03:06,866 - pso_logger - INFO - Time elapsed: 0.2500 s
2026-03-17 15:03:06,866 - pso_logger - INFO - Sequential vs threading fitness difference: 0.0
2026-03-17 15:03:06,867 - pso_logger - INFO - Sequential vs threading speedup: 0.3782190806181381
2026-03-17 15:03:06,868 - pso_logger - INFO - Sequential vs PySwarm fitness difference: -7.557773074040597e-09
2026-03-17 15:03:06,868 - pso_logger - INFO - Winner: Tie
2026-03-17 15:03:06,869 - pso_logger - INFO - Threading note: improvements depend on whether the objective releases the GIL; NumPy-heavy kernels may benefit, small Python-level workloads may not.
2026-03-17 15:03:35,489 - pso_logger - INFO - ---ACKLEY---
2026-03-17 15:03:35,490 - pso_logger - INFO - [CUSTOM PSO (SEQUENTIAL)]
2026-03-17 15:03:35,490 - pso_logger - INFO - Hyperparameter source: grid_search
2026-03-17 15:03:35,490 - pso_logger - INFO - Hyperparameters: w=0.4, c1=1.2, c2=1.2, n_particles=90
2026-03-17 15:03:35,490 - pso_logger - INFO - Best fitness: 4.440892098500626e-16
2026-03-17 15:03:35,490 - pso_logger - INFO - Iterations: 84
2026-03-17 15:03:35,490 - pso_logger - INFO - Time elapsed: 0.2603 s
2026-03-17 15:03:35,490 - pso_logger - INFO - [CUSTOM PSO (THREADING)]
2026-03-17 15:03:35,491 - pso_logger - INFO - max_workers: None
2026-03-17 15:03:35,491 - pso_logger - INFO - Best fitness: 4.440892098500626e-16
2026-03-17 15:03:35,491 - pso_logger - INFO - Iterations: 84
2026-03-17 15:03:35,491 - pso_logger - INFO - Time elapsed: 0.4954 s
2026-03-17 15:03:35,491 - pso_logger - INFO - [PySwarm Baseline]
2026-03-17 15:03:35,491 - pso_logger - INFO - Best fitness: 2.1743819633712747e-08
2026-03-17 15:03:35,491 - pso_logger - INFO - Iterations: 500
2026-03-17 15:03:35,491 - pso_logger - INFO - Time elapsed: 0.1535 s
2026-03-17 15:03:35,491 - pso_logger - INFO - Sequential vs threading fitness difference: 0.0
2026-03-17 15:03:35,491 - pso_logger - INFO - Sequential vs threading speedup: 0.5254807902982892
2026-03-17 15:03:35,491 - pso_logger - INFO - Sequential vs PySwarm fitness difference: -2.1743819189623537e-08
2026-03-17 15:03:35,491 - pso_logger - INFO - Winner: Tie
2026-03-17 15:03:35,491 - pso_logger - INFO - Threading note: improvements depend on whether the objective releases the GIL; NumPy-heavy kernels may benefit, small Python-level workloads may not.
2026-03-17 15:04:43,039 - pso_logger - INFO - ---ROSENBROCK---
2026-03-17 15:04:43,039 - pso_logger - INFO - [CUSTOM PSO (SEQUENTIAL)]
2026-03-17 15:04:43,039 - pso_logger - INFO - Hyperparameter source: grid_search
2026-03-17 15:04:43,039 - pso_logger - INFO - Hyperparameters: w=0.6, c1=1.2, c2=1.5, n_particles=100
2026-03-17 15:04:43,039 - pso_logger - INFO - Best fitness: 1.2782731795738514e-16
2026-03-17 15:04:43,039 - pso_logger - INFO - Iterations: 105
2026-03-17 15:04:43,040 - pso_logger - INFO - Time elapsed: 0.3176 s
2026-03-17 15:04:43,040 - pso_logger - INFO - [CUSTOM PSO (THREADING)]
2026-03-17 15:04:43,040 - pso_logger - INFO - max_workers: None
2026-03-17 15:04:43,040 - pso_logger - INFO - Best fitness: 1.2782731795738514e-16
2026-03-17 15:04:43,040 - pso_logger - INFO - Iterations: 105
2026-03-17 15:04:43,040 - pso_logger - INFO - Time elapsed: 0.7650 s
2026-03-17 15:04:43,040 - pso_logger - INFO - [PySwarm Baseline]
2026-03-17 15:04:43,040 - pso_logger - INFO - Best fitness: 2.631201226364908e-08
2026-03-17 15:04:43,040 - pso_logger - INFO - Iterations: 500
2026-03-17 15:04:43,040 - pso_logger - INFO - Time elapsed: 0.2259 s
2026-03-17 15:04:43,040 - pso_logger - INFO - Sequential vs threading fitness difference: 0.0
2026-03-17 15:04:43,040 - pso_logger - INFO - Sequential vs threading speedup: 0.41519241659025163
2026-03-17 15:04:43,040 - pso_logger - INFO - Sequential vs PySwarm fitness difference: -2.6312012135821764e-08
2026-03-17 15:04:43,040 - pso_logger - INFO - Winner: Tie
2026-03-17 15:04:43,040 - pso_logger - INFO - Threading note: improvements depend on whether the objective releases the GIL; NumPy-heavy kernels may benefit, small Python-level workloads may not.
2026-03-17 15:06:16,726 - pso_logger - INFO - ---RASTRIGIN---
2026-03-17 15:06:16,726 - pso_logger - INFO - [CUSTOM PSO (SEQUENTIAL)]
2026-03-17 15:06:16,727 - pso_logger - INFO - Hyperparameter source: grid_search
2026-03-17 15:06:16,727 - pso_logger - INFO - Hyperparameters: w=0.5, c1=1.0, c2=1.4, n_particles=80
2026-03-17 15:06:16,727 - pso_logger - INFO - Best fitness: 0.0
2026-03-17 15:06:16,727 - pso_logger - INFO - Iterations: 70
2026-03-17 15:06:16,727 - pso_logger - INFO - Time elapsed: 0.1407 s
2026-03-17 15:06:16,727 - pso_logger - INFO - [CUSTOM PSO (THREADING)]
2026-03-17 15:06:16,727 - pso_logger - INFO - max_workers: None
2026-03-17 15:06:16,727 - pso_logger - INFO - Best fitness: 0.0
2026-03-17 15:06:16,727 - pso_logger - INFO - Iterations: 70
2026-03-17 15:06:16,727 - pso_logger - INFO - Time elapsed: 0.5895 s
2026-03-17 15:06:16,727 - pso_logger - INFO - [PySwarm Baseline]
2026-03-17 15:06:16,727 - pso_logger - INFO - Best fitness: 1.2867559462392819e-08
2026-03-17 15:06:16,727 - pso_logger - INFO - Iterations: 500
2026-03-17 15:06:16,727 - pso_logger - INFO - Time elapsed: 0.1976 s
2026-03-17 15:06:16,727 - pso_logger - INFO - Sequential vs threading fitness difference: 0.0
2026-03-17 15:06:16,727 - pso_logger - INFO - Sequential vs threading speedup: 0.23868942011260277
2026-03-17 15:06:16,727 - pso_logger - INFO - Sequential vs PySwarm fitness difference: -1.2867559462392819e-08
2026-03-17 15:06:16,727 - pso_logger - INFO - Winner: Tie
2026-03-17 15:06:16,727 - pso_logger - INFO - Threading note: improvements depend on whether the objective releases the GIL; NumPy-heavy kernels may benefit, small Python-level workloads may not.
2026-03-17 15:16:47,176 - --SPHERE-- - RUN - INFO - Hyperparameter source: grid_search
2026-03-17 15:16:47,178 - --SPHERE-- - RUN - INFO - Selected hyperparameters: w=0.4, c1=1.8, c2=1.2, n_particles=60
2026-03-17 15:16:47,178 - --SPHERE-- - V0 Sequential - INFO - Best fitness: 2.3091428582454647e-20
2026-03-17 15:16:47,178 - --SPHERE-- - V0 Sequential - INFO - Iterations: 59
2026-03-17 15:16:47,178 - --SPHERE-- - V0 Sequential - INFO - Time elapsed: 0.0735 s
2026-03-17 15:16:47,178 - --SPHERE-- - V1 Threading - INFO - max_workers: None
2026-03-17 15:16:47,178 - --SPHERE-- - V1 Threading - INFO - Best fitness: 2.3091428582454647e-20
2026-03-17 15:16:47,178 - --SPHERE-- - V1 Threading - INFO - Iterations: 59
2026-03-17 15:16:47,178 - --SPHERE-- - V1 Threading - INFO - Time elapsed: 0.1632 s
2026-03-17 15:16:47,178 - --SPHERE-- - Baseline PySwarm - INFO - Best fitness: 2.4164273755143245e-09
2026-03-17 15:16:47,178 - --SPHERE-- - Baseline PySwarm - INFO - Iterations: 500
2026-03-17 15:16:47,178 - --SPHERE-- - Baseline PySwarm - INFO - Time elapsed: 0.0400 s
2026-03-17 15:16:47,178 - --SPHERE-- - RUN - INFO - Sequential vs threading fitness difference: 0.0
2026-03-17 15:16:47,178 - --SPHERE-- - RUN - INFO - Sequential vs threading speedup: 0.4505772133909411
2026-03-17 15:16:47,178 - --SPHERE-- - RUN - INFO - Sequential vs PySwarm fitness difference: -2.416427375491233e-09
2026-03-17 15:16:47,178 - --SPHERE-- - RUN - INFO - Winner: Custom PSO (Sequential)
2026-03-17 15:16:47,178 - --SPHERE-- - RUN - INFO - Threading note: improvements depend on whether the objective releases the GIL; NumPy-heavy kernels may benefit, small Python-level workloads may not.
2026-03-17 15:17:23,479 - --ACKLEY-- - RUN - INFO - Hyperparameter source: grid_search
2026-03-17 15:17:23,479 - --ACKLEY-- - RUN - INFO - Selected hyperparameters: w=0.4, c1=1.2, c2=1.2, n_particles=90
2026-03-17 15:17:23,479 - --ACKLEY-- - V0 Sequential - INFO - Best fitness: 4.440892098500626e-16
2026-03-17 15:17:23,479 - --ACKLEY-- - V0 Sequential - INFO - Iterations: 84
2026-03-17 15:17:23,479 - --ACKLEY-- - V0 Sequential - INFO - Time elapsed: 0.2509 s
2026-03-17 15:17:23,479 - --ACKLEY-- - V1 Threading - INFO - max_workers: None
2026-03-17 15:17:23,479 - --ACKLEY-- - V1 Threading - INFO - Best fitness: 4.440892098500626e-16
2026-03-17 15:17:23,479 - --ACKLEY-- - V1 Threading - INFO - Iterations: 84
2026-03-17 15:17:23,480 - --ACKLEY-- - V1 Threading - INFO - Time elapsed: 0.5053 s
2026-03-17 15:17:23,480 - --ACKLEY-- - Baseline PySwarm - INFO - Best fitness: 5.068401254249011e-09
2026-03-17 15:17:23,480 - --ACKLEY-- - Baseline PySwarm - INFO - Iterations: 500
2026-03-17 15:17:23,480 - --ACKLEY-- - Baseline PySwarm - INFO - Time elapsed: 0.1537 s
2026-03-17 15:17:23,480 - --ACKLEY-- - RUN - INFO - Sequential vs threading fitness difference: 0.0
2026-03-17 15:17:23,480 - --ACKLEY-- - RUN - INFO - Sequential vs threading speedup: 0.4965483807476094
2026-03-17 15:17:23,480 - --ACKLEY-- - RUN - INFO - Sequential vs PySwarm fitness difference: -5.068400810159801e-09
2026-03-17 15:17:23,480 - --ACKLEY-- - RUN - INFO - Winner: Custom PSO (Sequential)
2026-03-17 15:17:23,480 - --ACKLEY-- - RUN - INFO - Threading note: improvements depend on whether the objective releases the GIL; NumPy-heavy kernels may benefit, small Python-level workloads may not.
2026-03-17 15:18:39,727 - --ROSENBROCK-- - RUN - INFO - Hyperparameter source: grid_search
2026-03-17 15:18:39,727 - --ROSENBROCK-- - RUN - INFO - Selected hyperparameters: w=0.6, c1=1.2, c2=1.5, n_particles=100
2026-03-17 15:18:39,728 - --ROSENBROCK-- - V0 Sequential - INFO - Best fitness: 1.2782731795738514e-16
2026-03-17 15:18:39,728 - --ROSENBROCK-- - V0 Sequential - INFO - Iterations: 105
2026-03-17 15:18:39,728 - --ROSENBROCK-- - V0 Sequential - INFO - Time elapsed: 0.3080 s
2026-03-17 15:18:39,728 - --ROSENBROCK-- - V1 Threading - INFO - max_workers: None
2026-03-17 15:18:39,728 - --ROSENBROCK-- - V1 Threading - INFO - Best fitness: 1.2782731795738514e-16
2026-03-17 15:18:39,728 - --ROSENBROCK-- - V1 Threading - INFO - Iterations: 105
2026-03-17 15:18:39,728 - --ROSENBROCK-- - V1 Threading - INFO - Time elapsed: 0.6633 s
2026-03-17 15:18:39,728 - --ROSENBROCK-- - Baseline PySwarm - INFO - Best fitness: 7.075842899368711e-08
2026-03-17 15:18:39,728 - --ROSENBROCK-- - Baseline PySwarm - INFO - Iterations: 500
2026-03-17 15:18:39,728 - --ROSENBROCK-- - Baseline PySwarm - INFO - Time elapsed: 0.1657 s
2026-03-17 15:18:39,728 - --ROSENBROCK-- - RUN - INFO - Sequential vs threading fitness difference: 0.0
2026-03-17 15:18:39,728 - --ROSENBROCK-- - RUN - INFO - Sequential vs threading speedup: 0.46435697737912063
2026-03-17 15:18:39,728 - --ROSENBROCK-- - RUN - INFO - Sequential vs PySwarm fitness difference: -7.07584288658598e-08
2026-03-17 15:18:39,728 - --ROSENBROCK-- - RUN - INFO - Winner: Custom PSO (Sequential)
2026-03-17 15:18:39,728 - --ROSENBROCK-- - RUN - INFO - Threading note: improvements depend on whether the objective releases the GIL; NumPy-heavy kernels may benefit, small Python-level workloads may not.
2026-03-17 15:20:40,586 - --RASTRIGIN-- - RUN - INFO - Hyperparameter source: grid_search
2026-03-17 15:20:40,586 - --RASTRIGIN-- - RUN - INFO - Selected hyperparameters: w=0.5, c1=1.0, c2=1.4, n_particles=80
2026-03-17 15:20:40,586 - --RASTRIGIN-- - V0 Sequential - INFO - Best fitness: 0.0
2026-03-17 15:20:40,587 - --RASTRIGIN-- - V0 Sequential - INFO - Iterations: 70
2026-03-17 15:20:40,587 - --RASTRIGIN-- - V0 Sequential - INFO - Time elapsed: 0.2025 s
2026-03-17 15:20:40,587 - --RASTRIGIN-- - V1 Threading - INFO - max_workers: None
2026-03-17 15:20:40,587 - --RASTRIGIN-- - V1 Threading - INFO - Best fitness: 0.0
2026-03-17 15:20:40,587 - --RASTRIGIN-- - V1 Threading - INFO - Iterations: 70
2026-03-17 15:20:40,587 - --RASTRIGIN-- - V1 Threading - INFO - Time elapsed: 0.7354 s
2026-03-17 15:20:40,587 - --RASTRIGIN-- - Baseline PySwarm - INFO - Best fitness: 2.9976376936247107e-10
2026-03-17 15:20:40,587 - --RASTRIGIN-- - Baseline PySwarm - INFO - Iterations: 500
2026-03-17 15:20:40,587 - --RASTRIGIN-- - Baseline PySwarm - INFO - Time elapsed: 0.1288 s
2026-03-17 15:20:40,587 - --RASTRIGIN-- - RUN - INFO - Sequential vs threading fitness difference: 0.0
2026-03-17 15:20:40,588 - --RASTRIGIN-- - RUN - INFO - Sequential vs threading speedup: 0.27535075268309755
2026-03-17 15:20:40,588 - --RASTRIGIN-- - RUN - INFO - Sequential vs PySwarm fitness difference: -2.9976376936247107e-10
2026-03-17 15:20:40,588 - --RASTRIGIN-- - RUN - INFO - Winner: Custom PSO (Sequential)
2026-03-17 15:20:40,588 - --RASTRIGIN-- - RUN - INFO - Threading note: improvements depend on whether the objective releases the GIL; NumPy-heavy kernels may benefit, small Python-level workloads may not.
2026-03-18 11:33:08,045 - SPHERE d=2 seed=42 - RUN - INFO - Hyperparams: source=fixed_config w=0.7 c1=1.5 c2=1.5 n=80
2026-03-18 11:33:09,159 - SPHERE d=2 seed=42 - V0 - INFO - PSO start | seed=42 w=0.7 c1=1.5 c2=1.5 n_particles=80 max_iters=500
2026-03-18 11:33:09,160 - SPHERE d=2 seed=42 - V0 - INFO - iter=    0 | best=2.643601e-02 | t_eval=0.36ms | no_improve=0/30
2026-03-18 11:33:09,176 - SPHERE d=2 seed=42 - V0 - INFO - iter=   10 | best=3.661035e-04 | t_eval=0.32ms | no_improve=2/30
2026-03-18 11:33:09,195 - SPHERE d=2 seed=42 - V0 - INFO - iter=   20 | best=1.722550e-05 | t_eval=0.28ms | no_improve=0/30
2026-03-18 11:33:09,217 - SPHERE d=2 seed=42 - V0 - INFO - iter=   30 | best=1.613904e-07 | t_eval=0.29ms | no_improve=1/30
2026-03-18 11:33:09,234 - SPHERE d=2 seed=42 - V0 - INFO - iter=   40 | best=3.669046e-08 | t_eval=0.31ms | no_improve=0/30
2026-03-18 11:33:09,257 - SPHERE d=2 seed=42 - V0 - INFO - iter=   50 | best=1.609047e-09 | t_eval=0.71ms | no_improve=5/30
2026-03-18 11:33:09,274 - SPHERE d=2 seed=42 - V0 - INFO - iter=   60 | best=1.884667e-10 | t_eval=0.29ms | no_improve=5/30
2026-03-18 11:33:09,293 - SPHERE d=2 seed=42 - V0 - INFO - iter=   70 | best=1.416899e-10 | t_eval=0.29ms | no_improve=15/30
2026-03-18 11:33:09,317 - SPHERE d=2 seed=42 - V0 - INFO - iter=   80 | best=4.196490e-13 | t_eval=0.34ms | no_improve=25/30
2026-03-18 11:33:09,327 - SPHERE d=2 seed=42 - V0 - INFO - Early stop at iter=85 (no improvement for 30 iters)
2026-03-18 11:33:09,327 - SPHERE d=2 seed=42 - V0 - INFO - PSO done  | best=4.196490e-13 | iters=86 | total=0.1678s | t_eval=0.0314s (18.7%) | t_update=0.1305s (77.8%)
2026-03-18 11:33:09,330 - SPHERE d=2 seed=42 - V1 - INFO - PSO start | seed=42 w=0.7 c1=1.5 c2=1.5 n_particles=80 max_iters=500
2026-03-18 11:33:09,337 - SPHERE d=2 seed=42 - V1 - INFO - iter=    0 | best=2.643601e-02 | t_eval=5.96ms | no_improve=0/30
2026-03-18 11:33:09,384 - SPHERE d=2 seed=42 - V1 - INFO - iter=   10 | best=3.661035e-04 | t_eval=2.70ms | no_improve=2/30
2026-03-18 11:33:09,429 - SPHERE d=2 seed=42 - V1 - INFO - iter=   20 | best=1.722550e-05 | t_eval=2.10ms | no_improve=0/30
2026-03-18 11:33:09,474 - SPHERE d=2 seed=42 - V1 - INFO - iter=   30 | best=1.613904e-07 | t_eval=2.54ms | no_improve=1/30
2026-03-18 11:33:09,526 - SPHERE d=2 seed=42 - V1 - INFO - iter=   40 | best=3.669046e-08 | t_eval=2.63ms | no_improve=0/30
2026-03-18 11:33:09,578 - SPHERE d=2 seed=42 - V1 - INFO - iter=   50 | best=1.609047e-09 | t_eval=2.69ms | no_improve=5/30
2026-03-18 11:33:09,630 - SPHERE d=2 seed=42 - V1 - INFO - iter=   60 | best=1.884667e-10 | t_eval=2.82ms | no_improve=5/30
2026-03-18 11:33:09,685 - SPHERE d=2 seed=42 - V1 - INFO - iter=   70 | best=1.416899e-10 | t_eval=3.41ms | no_improve=15/30
2026-03-18 11:33:09,745 - SPHERE d=2 seed=42 - V1 - INFO - iter=   80 | best=4.196490e-13 | t_eval=2.74ms | no_improve=25/30
2026-03-18 11:33:09,772 - SPHERE d=2 seed=42 - V1 - INFO - Early stop at iter=85 (no improvement for 30 iters)
2026-03-18 11:33:09,773 - SPHERE d=2 seed=42 - V1 - INFO - PSO done  | best=4.196490e-13 | iters=86 | total=0.4422s | t_eval=0.2842s (64.3%) | t_update=0.1511s (34.2%)
2026-03-18 11:33:09,884 - SPHERE d=2 seed=42 - RUN - INFO - V0  fit=4.196490e-13 iters=86 time=0.1678s eval=18.7% update=77.8%
2026-03-18 11:33:09,884 - SPHERE d=2 seed=42 - RUN - INFO - V1  fit=4.196490e-13 iters=86 time=0.4422s eval=64.3% update=34.2% speedup=0.379x
2026-03-18 11:33:09,885 - SPHERE d=2 seed=42 - RUN - INFO - PySwarm fit=3.749249e-08 time=0.1106s
2026-03-18 11:33:09,885 - SPHERE d=2 seed=42 - RUN - INFO - Winner: V0 Sequential
2026-03-18 11:34:05,402 - SPHERE d=2 seed=42 - RUN - INFO - Hyperparams: source=fixed_config w=0.7 c1=1.5 c2=1.5 n=80
2026-03-18 11:34:05,416 - SPHERE d=2 seed=42 - V0 - INFO - PSO start | seed=42 w=0.7 c1=1.5 c2=1.5 n_particles=80 max_iters=500
2026-03-18 11:34:05,418 - SPHERE d=2 seed=42 - V0 - INFO - iter=    0 | best=2.643601e-02 | t_eval=0.73ms | no_improve=0/30
2026-03-18 11:34:05,443 - SPHERE d=2 seed=42 - V0 - INFO - iter=   10 | best=3.661035e-04 | t_eval=0.31ms | no_improve=2/30
2026-03-18 11:34:05,459 - SPHERE d=2 seed=42 - V0 - INFO - iter=   20 | best=1.722550e-05 | t_eval=0.30ms | no_improve=0/30
2026-03-18 11:34:05,478 - SPHERE d=2 seed=42 - V0 - INFO - iter=   30 | best=1.613904e-07 | t_eval=0.34ms | no_improve=1/30
2026-03-18 11:34:05,507 - SPHERE d=2 seed=42 - V0 - INFO - iter=   40 | best=3.669046e-08 | t_eval=0.36ms | no_improve=0/30
2026-03-18 11:34:05,526 - SPHERE d=2 seed=42 - V0 - INFO - iter=   50 | best=1.609047e-09 | t_eval=0.35ms | no_improve=5/30
2026-03-18 11:34:05,553 - SPHERE d=2 seed=42 - V0 - INFO - iter=   60 | best=1.884667e-10 | t_eval=0.37ms | no_improve=5/30
2026-03-18 11:34:05,574 - SPHERE d=2 seed=42 - V0 - INFO - iter=   70 | best=1.416899e-10 | t_eval=0.38ms | no_improve=15/30
2026-03-18 11:34:05,596 - SPHERE d=2 seed=42 - V0 - INFO - iter=   80 | best=4.196490e-13 | t_eval=0.37ms | no_improve=25/30
2026-03-18 11:34:05,606 - SPHERE d=2 seed=42 - V0 - INFO - Early stop at iter=85 (no improvement for 30 iters)
2026-03-18 11:34:05,606 - SPHERE d=2 seed=42 - V0 - INFO - PSO done  | best=4.196490e-13 | iters=86 | total=0.1898s | t_eval=0.0353s (18.6%) | t_update=0.1477s (77.8%)
2026-03-18 11:34:05,609 - SPHERE d=2 seed=42 - V1 - INFO - PSO start | seed=42 w=0.7 c1=1.5 c2=1.5 n_particles=80 max_iters=500
2026-03-18 11:34:05,613 - SPHERE d=2 seed=42 - V1 - INFO - iter=    0 | best=2.643601e-02 | t_eval=4.26ms | no_improve=0/30
2026-03-18 11:34:05,657 - SPHERE d=2 seed=42 - V1 - INFO - iter=   10 | best=3.661035e-04 | t_eval=3.64ms | no_improve=2/30
2026-03-18 11:34:05,712 - SPHERE d=2 seed=42 - V1 - INFO - iter=   20 | best=1.722550e-05 | t_eval=2.66ms | no_improve=0/30
2026-03-18 11:34:05,766 - SPHERE d=2 seed=42 - V1 - INFO - iter=   30 | best=1.613904e-07 | t_eval=3.05ms | no_improve=1/30
2026-03-18 11:34:05,816 - SPHERE d=2 seed=42 - V1 - INFO - iter=   40 | best=3.669046e-08 | t_eval=2.93ms | no_improve=0/30
2026-03-18 11:34:05,871 - SPHERE d=2 seed=42 - V1 - INFO - iter=   50 | best=1.609047e-09 | t_eval=3.67ms | no_improve=5/30
2026-03-18 11:34:05,936 - SPHERE d=2 seed=42 - V1 - INFO - iter=   60 | best=1.884667e-10 | t_eval=4.90ms | no_improve=5/30
2026-03-18 11:34:06,003 - SPHERE d=2 seed=42 - V1 - INFO - iter=   70 | best=1.416899e-10 | t_eval=3.80ms | no_improve=15/30
2026-03-18 11:34:06,057 - SPHERE d=2 seed=42 - V1 - INFO - iter=   80 | best=4.196490e-13 | t_eval=2.36ms | no_improve=25/30
2026-03-18 11:34:06,081 - SPHERE d=2 seed=42 - V1 - INFO - Early stop at iter=85 (no improvement for 30 iters)
2026-03-18 11:34:06,081 - SPHERE d=2 seed=42 - V1 - INFO - PSO done  | best=4.196490e-13 | iters=86 | total=0.4721s | t_eval=0.3042s (64.4%) | t_update=0.1607s (34.0%)
2026-03-18 11:34:06,202 - SPHERE d=2 seed=42 - RUN - INFO - V0  fit=4.196490e-13 iters=86 time=0.1898s eval=18.6% update=77.8%
2026-03-18 11:34:06,203 - SPHERE d=2 seed=42 - RUN - INFO - V1  fit=4.196490e-13 iters=86 time=0.4721s eval=64.4% update=34.0% speedup=0.402x
2026-03-18 11:34:06,203 - SPHERE d=2 seed=42 - RUN - INFO - PySwarm fit=4.420467e-09 time=0.1210s
2026-03-18 11:34:06,203 - SPHERE d=2 seed=42 - RUN - INFO - Winner: V0 Sequential
2026-03-18 11:34:08,996 - ACKLEY d=2 seed=42 - RUN - INFO - Hyperparams: source=fixed_config w=0.7 c1=1.5 c2=1.5 n=80
2026-03-18 11:34:09,004 - ACKLEY d=2 seed=42 - V0 - INFO - PSO start | seed=42 w=0.7 c1=1.5 c2=1.5 n_particles=80 max_iters=500
2026-03-18 11:34:09,006 - ACKLEY d=2 seed=42 - V0 - INFO - iter=    0 | best=1.052670e+00 | t_eval=1.57ms | no_improve=0/30
2026-03-18 11:34:09,056 - ACKLEY d=2 seed=42 - V0 - INFO - iter=   10 | best=5.640243e-02 | t_eval=1.97ms | no_improve=2/30
2026-03-18 11:34:09,106 - ACKLEY d=2 seed=42 - V0 - INFO - iter=   20 | best=3.473752e-02 | t_eval=1.42ms | no_improve=3/30
2026-03-18 11:34:09,169 - ACKLEY d=2 seed=42 - V0 - INFO - iter=   30 | best=4.072798e-03 | t_eval=1.43ms | no_improve=2/30
2026-03-18 11:34:09,224 - ACKLEY d=2 seed=42 - V0 - INFO - iter=   40 | best=1.055405e-03 | t_eval=1.54ms | no_improve=1/30
2026-03-18 11:34:09,273 - ACKLEY d=2 seed=42 - V0 - INFO - iter=   50 | best=5.472270e-04 | t_eval=1.25ms | no_improve=2/30
2026-03-18 11:34:09,314 - ACKLEY d=2 seed=42 - V0 - INFO - iter=   60 | best=7.518438e-05 | t_eval=1.27ms | no_improve=0/30
2026-03-18 11:34:09,345 - ACKLEY d=2 seed=42 - V0 - INFO - iter=   70 | best=2.139220e-05 | t_eval=1.57ms | no_improve=5/30
2026-03-18 11:34:09,376 - ACKLEY d=2 seed=42 - V0 - INFO - iter=   80 | best=4.132188e-06 | t_eval=1.17ms | no_improve=0/30
2026-03-18 11:34:09,410 - ACKLEY d=2 seed=42 - V0 - INFO - iter=   90 | best=1.612125e-06 | t_eval=1.29ms | no_improve=3/30
2026-03-18 11:34:09,438 - ACKLEY d=2 seed=42 - V0 - INFO - iter=  100 | best=6.861417e-07 | t_eval=1.05ms | no_improve=6/30
2026-03-18 11:34:09,470 - ACKLEY d=2 seed=42 - V0 - INFO - iter=  110 | best=1.373174e-07 | t_eval=1.11ms | no_improve=4/30
2026-03-18 11:34:09,508 - ACKLEY d=2 seed=42 - V0 - INFO - iter=  120 | best=3.470931e-08 | t_eval=1.61ms | no_improve=0/30
2026-03-18 11:34:09,536 - ACKLEY d=2 seed=42 - V0 - INFO - iter=  130 | best=1.192657e-08 | t_eval=1.32ms | no_improve=8/30
2026-03-18 11:34:09,570 - ACKLEY d=2 seed=42 - V0 - INFO - iter=  140 | best=2.300226e-09 | t_eval=1.39ms | no_improve=7/30
2026-03-18 11:34:09,625 - ACKLEY d=2 seed=42 - V0 - INFO - iter=  150 | best=5.031144e-10 | t_eval=3.08ms | no_improve=2/30
2026-03-18 11:34:09,697 - ACKLEY d=2 seed=42 - V0 - INFO - iter=  160 | best=3.938152e-10 | t_eval=3.55ms | no_improve=2/30
2026-03-18 11:34:09,767 - ACKLEY d=2 seed=42 - V0 - INFO - iter=  170 | best=5.076517e-11 | t_eval=2.06ms | no_improve=7/30
2026-03-18 11:34:09,827 - ACKLEY d=2 seed=42 - V0 - INFO - iter=  180 | best=2.821299e-12 | t_eval=2.81ms | no_improve=17/30
2026-03-18 11:34:09,906 - ACKLEY d=2 seed=42 - V0 - INFO - iter=  190 | best=2.821299e-12 | t_eval=2.92ms | no_improve=27/30
2026-03-18 11:34:09,921 - ACKLEY d=2 seed=42 - V0 - INFO - Early stop at iter=193 (no improvement for 30 iters)
2026-03-18 11:34:09,921 - ACKLEY d=2 seed=42 - V0 - INFO - PSO done  | best=4.480860e-13 | iters=194 | total=0.9159s | t_eval=0.3730s (40.7%) | t_update=0.5190s (56.7%)
2026-03-18 11:34:09,926 - ACKLEY d=2 seed=42 - V1 - INFO - PSO start | seed=42 w=0.7 c1=1.5 c2=1.5 n_particles=80 max_iters=500
2026-03-18 11:34:09,940 - ACKLEY d=2 seed=42 - V1 - INFO - iter=    0 | best=1.052670e+00 | t_eval=13.85ms | no_improve=0/30
2026-03-18 11:34:10,067 - ACKLEY d=2 seed=42 - V1 - INFO - iter=   10 | best=5.640243e-02 | t_eval=6.66ms | no_improve=2/30
2026-03-18 11:34:10,304 - ACKLEY d=2 seed=42 - V1 - INFO - iter=   20 | best=3.473752e-02 | t_eval=8.68ms | no_improve=3/30
2026-03-18 11:34:10,419 - ACKLEY d=2 seed=42 - V1 - INFO - iter=   30 | best=4.072798e-03 | t_eval=6.18ms | no_improve=2/30
2026-03-18 11:34:10,527 - ACKLEY d=2 seed=42 - V1 - INFO - iter=   40 | best=1.055405e-03 | t_eval=7.52ms | no_improve=1/30
2026-03-18 11:34:10,636 - ACKLEY d=2 seed=42 - V1 - INFO - iter=   50 | best=5.472270e-04 | t_eval=7.62ms | no_improve=2/30
2026-03-18 11:34:10,826 - ACKLEY d=2 seed=42 - V1 - INFO - iter=   60 | best=7.518438e-05 | t_eval=8.02ms | no_improve=0/30
2026-03-18 11:34:11,077 - ACKLEY d=2 seed=42 - V1 - INFO - iter=   70 | best=2.139220e-05 | t_eval=19.81ms | no_improve=5/30
2026-03-18 11:34:11,217 - ACKLEY d=2 seed=42 - V1 - INFO - iter=   80 | best=4.132188e-06 | t_eval=5.19ms | no_improve=0/30
2026-03-18 11:34:11,329 - ACKLEY d=2 seed=42 - V1 - INFO - iter=   90 | best=1.612125e-06 | t_eval=7.15ms | no_improve=3/30
2026-03-18 11:34:11,431 - ACKLEY d=2 seed=42 - V1 - INFO - iter=  100 | best=6.861417e-07 | t_eval=9.10ms | no_improve=6/30
2026-03-18 11:34:11,510 - ACKLEY d=2 seed=42 - V1 - INFO - iter=  110 | best=1.373174e-07 | t_eval=5.39ms | no_improve=4/30
2026-03-18 11:34:11,567 - ACKLEY d=2 seed=42 - V1 - INFO - iter=  120 | best=3.470931e-08 | t_eval=4.85ms | no_improve=0/30
2026-03-18 11:34:11,634 - ACKLEY d=2 seed=42 - V1 - INFO - iter=  130 | best=1.192657e-08 | t_eval=5.03ms | no_improve=8/30
2026-03-18 11:34:11,731 - ACKLEY d=2 seed=42 - V1 - INFO - iter=  140 | best=2.300226e-09 | t_eval=6.13ms | no_improve=7/30
2026-03-18 11:34:11,833 - ACKLEY d=2 seed=42 - V1 - INFO - iter=  150 | best=5.031144e-10 | t_eval=5.64ms | no_improve=2/30
2026-03-18 11:34:11,928 - ACKLEY d=2 seed=42 - V1 - INFO - iter=  160 | best=3.938152e-10 | t_eval=5.84ms | no_improve=2/30
2026-03-18 11:34:12,022 - ACKLEY d=2 seed=42 - V1 - INFO - iter=  170 | best=5.076517e-11 | t_eval=7.42ms | no_improve=7/30
2026-03-18 11:34:12,181 - ACKLEY d=2 seed=42 - V1 - INFO - iter=  180 | best=2.821299e-12 | t_eval=12.82ms | no_improve=17/30
2026-03-18 11:34:12,313 - ACKLEY d=2 seed=42 - V1 - INFO - iter=  190 | best=2.821299e-12 | t_eval=9.49ms | no_improve=27/30
2026-03-18 11:34:12,356 - ACKLEY d=2 seed=42 - V1 - INFO - Early stop at iter=193 (no improvement for 30 iters)
2026-03-18 11:34:12,356 - ACKLEY d=2 seed=42 - V1 - INFO - PSO done  | best=4.480860e-13 | iters=194 | total=2.4288s | t_eval=1.7792s (73.3%) | t_update=0.6251s (25.7%)
2026-03-18 11:34:13,219 - ACKLEY d=2 seed=42 - RUN - INFO - V0  fit=4.480860e-13 iters=194 time=0.9159s eval=40.7% update=56.7%
2026-03-18 11:34:13,219 - ACKLEY d=2 seed=42 - RUN - INFO - V1  fit=4.480860e-13 iters=194 time=2.4288s eval=73.3% update=25.7% speedup=0.377x
2026-03-18 11:34:13,219 - ACKLEY d=2 seed=42 - RUN - INFO - PySwarm fit=1.026633e-08 time=0.8614s
2026-03-18 11:34:13,219 - ACKLEY d=2 seed=42 - RUN - INFO - Winner: V0 Sequential
2026-03-18 11:34:15,172 - ROSENBROCK d=2 seed=42 - RUN - INFO - Hyperparams: source=fixed_config w=0.7 c1=1.5 c2=1.5 n=80
2026-03-18 11:34:15,182 - ROSENBROCK d=2 seed=42 - V0 - INFO - PSO start | seed=42 w=0.7 c1=1.5 c2=1.5 n_particles=80 max_iters=500
2026-03-18 11:34:15,183 - ROSENBROCK d=2 seed=42 - V0 - INFO - iter=    0 | best=2.510748e+00 | t_eval=1.31ms | no_improve=0/30
2026-03-18 11:34:15,232 - ROSENBROCK d=2 seed=42 - V0 - INFO - iter=   10 | best=8.312964e-03 | t_eval=1.50ms | no_improve=3/30
2026-03-18 11:34:15,278 - ROSENBROCK d=2 seed=42 - V0 - INFO - iter=   20 | best=1.601265e-03 | t_eval=1.37ms | no_improve=3/30
2026-03-18 11:34:15,328 - ROSENBROCK d=2 seed=42 - V0 - INFO - iter=   30 | best=3.645312e-05 | t_eval=1.06ms | no_improve=7/30
2026-03-18 11:34:15,370 - ROSENBROCK d=2 seed=42 - V0 - INFO - iter=   40 | best=9.253296e-06 | t_eval=1.05ms | no_improve=3/30
2026-03-18 11:34:15,410 - ROSENBROCK d=2 seed=42 - V0 - INFO - iter=   50 | best=6.067413e-06 | t_eval=1.81ms | no_improve=0/30
2026-03-18 11:34:15,440 - ROSENBROCK d=2 seed=42 - V0 - INFO - iter=   60 | best=5.802114e-06 | t_eval=1.58ms | no_improve=1/30
2026-03-18 11:34:15,478 - ROSENBROCK d=2 seed=42 - V0 - INFO - iter=   70 | best=2.792288e-06 | t_eval=1.05ms | no_improve=0/30
2026-03-18 11:34:15,514 - ROSENBROCK d=2 seed=42 - V0 - INFO - iter=   80 | best=6.081377e-08 | t_eval=0.86ms | no_improve=4/30
2026-03-18 11:34:15,541 - ROSENBROCK d=2 seed=42 - V0 - INFO - iter=   90 | best=6.081377e-08 | t_eval=0.99ms | no_improve=14/30
2026-03-18 11:34:15,575 - ROSENBROCK d=2 seed=42 - V0 - INFO - iter=  100 | best=3.430049e-08 | t_eval=1.23ms | no_improve=3/30
2026-03-18 11:34:15,627 - ROSENBROCK d=2 seed=42 - V0 - INFO - iter=  110 | best=1.386533e-08 | t_eval=1.20ms | no_improve=0/30
2026-03-18 11:34:15,678 - ROSENBROCK d=2 seed=42 - V0 - INFO - iter=  120 | best=1.229852e-09 | t_eval=1.53ms | no_improve=0/30
2026-03-18 11:34:15,717 - ROSENBROCK d=2 seed=42 - V0 - INFO - iter=  130 | best=1.900489e-10 | t_eval=0.93ms | no_improve=1/30
2026-03-18 11:34:15,768 - ROSENBROCK d=2 seed=42 - V0 - INFO - iter=  140 | best=2.582358e-12 | t_eval=1.00ms | no_improve=7/30
2026-03-18 11:34:15,826 - ROSENBROCK d=2 seed=42 - V0 - INFO - iter=  150 | best=2.582358e-12 | t_eval=1.31ms | no_improve=17/30
2026-03-18 11:34:15,895 - ROSENBROCK d=2 seed=42 - V0 - INFO - iter=  160 | best=2.582358e-12 | t_eval=7.90ms | no_improve=27/30
2026-03-18 11:34:15,930 - ROSENBROCK d=2 seed=42 - V0 - INFO - Early stop at iter=163 (no improvement for 30 iters)
2026-03-18 11:34:15,931 - ROSENBROCK d=2 seed=42 - V0 - INFO - PSO done  | best=2.582358e-12 | iters=164 | total=0.7488s | t_eval=0.2696s (36.0%) | t_update=0.4598s (61.4%)
2026-03-18 11:34:15,935 - ROSENBROCK d=2 seed=42 - V1 - INFO - PSO start | seed=42 w=0.7 c1=1.5 c2=1.5 n_particles=80 max_iters=500
2026-03-18 11:34:15,971 - ROSENBROCK d=2 seed=42 - V1 - INFO - iter=    0 | best=2.510748e+00 | t_eval=9.80ms | no_improve=0/30
2026-03-18 11:34:16,119 - ROSENBROCK d=2 seed=42 - V1 - INFO - iter=   10 | best=8.312964e-03 | t_eval=6.18ms | no_improve=3/30
2026-03-18 11:34:16,224 - ROSENBROCK d=2 seed=42 - V1 - INFO - iter=   20 | best=1.601265e-03 | t_eval=4.19ms | no_improve=3/30
2026-03-18 11:34:16,310 - ROSENBROCK d=2 seed=42 - V1 - INFO - iter=   30 | best=3.645312e-05 | t_eval=8.67ms | no_improve=7/30
2026-03-18 11:34:16,416 - ROSENBROCK d=2 seed=42 - V1 - INFO - iter=   40 | best=9.253296e-06 | t_eval=7.46ms | no_improve=3/30
2026-03-18 11:34:16,515 - ROSENBROCK d=2 seed=42 - V1 - INFO - iter=   50 | best=6.067413e-06 | t_eval=5.85ms | no_improve=0/30
2026-03-18 11:34:16,607 - ROSENBROCK d=2 seed=42 - V1 - INFO - iter=   60 | best=5.802114e-06 | t_eval=7.62ms | no_improve=1/30
2026-03-18 11:34:16,773 - ROSENBROCK d=2 seed=42 - V1 - INFO - iter=   70 | best=2.792288e-06 | t_eval=27.40ms | no_improve=0/30
2026-03-18 11:34:17,128 - ROSENBROCK d=2 seed=42 - V1 - INFO - iter=   80 | best=6.081377e-08 | t_eval=23.93ms | no_improve=4/30
2026-03-18 11:34:17,299 - ROSENBROCK d=2 seed=42 - V1 - INFO - iter=   90 | best=6.081377e-08 | t_eval=11.31ms | no_improve=14/30
2026-03-18 11:34:17,408 - ROSENBROCK d=2 seed=42 - V1 - INFO - iter=  100 | best=3.430049e-08 | t_eval=8.38ms | no_improve=3/30
2026-03-18 11:34:17,485 - ROSENBROCK d=2 seed=42 - V1 - INFO - iter=  110 | best=1.386533e-08 | t_eval=4.15ms | no_improve=0/30
2026-03-18 11:34:17,572 - ROSENBROCK d=2 seed=42 - V1 - INFO - iter=  120 | best=1.229852e-09 | t_eval=4.56ms | no_improve=0/30
2026-03-18 11:34:17,683 - ROSENBROCK d=2 seed=42 - V1 - INFO - iter=  130 | best=1.900489e-10 | t_eval=8.89ms | no_improve=1/30
2026-03-18 11:34:17,784 - ROSENBROCK d=2 seed=42 - V1 - INFO - iter=  140 | best=2.582358e-12 | t_eval=3.92ms | no_improve=7/30
2026-03-18 11:34:17,883 - ROSENBROCK d=2 seed=42 - V1 - INFO - iter=  150 | best=2.582358e-12 | t_eval=4.44ms | no_improve=17/30
2026-03-18 11:34:17,976 - ROSENBROCK d=2 seed=42 - V1 - INFO - iter=  160 | best=2.582358e-12 | t_eval=6.42ms | no_improve=27/30
2026-03-18 11:34:18,018 - ROSENBROCK d=2 seed=42 - V1 - INFO - Early stop at iter=163 (no improvement for 30 iters)
2026-03-18 11:34:18,018 - ROSENBROCK d=2 seed=42 - V1 - INFO - PSO done  | best=2.582358e-12 | iters=164 | total=2.0829s | t_eval=1.5112s (72.6%) | t_update=0.5220s (25.1%)
2026-03-18 11:34:18,412 - ROSENBROCK d=2 seed=42 - RUN - INFO - V0  fit=2.582358e-12 iters=164 time=0.7488s eval=36.0% update=61.4%
2026-03-18 11:34:18,412 - ROSENBROCK d=2 seed=42 - RUN - INFO - V1  fit=2.582358e-12 iters=164 time=2.0829s eval=72.6% update=25.1% speedup=0.359x
2026-03-18 11:34:18,412 - ROSENBROCK d=2 seed=42 - RUN - INFO - PySwarm fit=1.371202e-05 time=0.3930s
2026-03-18 11:34:18,412 - ROSENBROCK d=2 seed=42 - RUN - INFO - Winner: V0 Sequential
2026-03-18 11:34:19,472 - RASTRIGIN d=2 seed=42 - RUN - INFO - Hyperparams: source=fixed_config w=0.7 c1=1.5 c2=1.5 n=80
2026-03-18 11:34:19,475 - RASTRIGIN d=2 seed=42 - V0 - INFO - PSO start | seed=42 w=0.7 c1=1.5 c2=1.5 n_particles=80 max_iters=500
2026-03-18 11:34:19,476 - RASTRIGIN d=2 seed=42 - V0 - INFO - iter=    0 | best=4.995815e+00 | t_eval=0.94ms | no_improve=0/30
2026-03-18 11:34:19,520 - RASTRIGIN d=2 seed=42 - V0 - INFO - iter=   10 | best=2.464186e-01 | t_eval=0.78ms | no_improve=7/30
2026-03-18 11:34:19,565 - RASTRIGIN d=2 seed=42 - V0 - INFO - iter=   20 | best=7.139904e-03 | t_eval=1.72ms | no_improve=1/30
2026-03-18 11:34:19,613 - RASTRIGIN d=2 seed=42 - V0 - INFO - iter=   30 | best=3.262970e-04 | t_eval=1.88ms | no_improve=1/30
2026-03-18 11:34:19,667 - RASTRIGIN d=2 seed=42 - V0 - INFO - iter=   40 | best=7.823792e-06 | t_eval=0.88ms | no_improve=5/30
2026-03-18 11:34:19,716 - RASTRIGIN d=2 seed=42 - V0 - INFO - iter=   50 | best=4.442687e-06 | t_eval=0.77ms | no_improve=6/30
2026-03-18 11:34:19,753 - RASTRIGIN d=2 seed=42 - V0 - INFO - iter=   60 | best=2.305164e-09 | t_eval=1.56ms | no_improve=4/30
2026-03-18 11:34:19,795 - RASTRIGIN d=2 seed=42 - V0 - INFO - iter=   70 | best=1.882306e-09 | t_eval=2.86ms | no_improve=1/30
2026-03-18 11:34:19,836 - RASTRIGIN d=2 seed=42 - V0 - INFO - iter=   80 | best=8.835315e-10 | t_eval=0.95ms | no_improve=8/30
2026-03-18 11:34:19,882 - RASTRIGIN d=2 seed=42 - V0 - INFO - iter=   90 | best=2.252065e-11 | t_eval=0.79ms | no_improve=5/30
2026-03-18 11:34:19,923 - RASTRIGIN d=2 seed=42 - V0 - INFO - iter=  100 | best=7.105427e-14 | t_eval=1.06ms | no_improve=15/30
2026-03-18 11:34:19,959 - RASTRIGIN d=2 seed=42 - V0 - INFO - iter=  110 | best=2.131628e-14 | t_eval=1.71ms | no_improve=25/30
2026-03-18 11:34:19,973 - RASTRIGIN d=2 seed=42 - V0 - INFO - Early stop at iter=115 (no improvement for 30 iters)
2026-03-18 11:34:19,974 - RASTRIGIN d=2 seed=42 - V0 - INFO - PSO done  | best=2.131628e-14 | iters=116 | total=0.4985s | t_eval=0.1556s (31.2%) | t_update=0.3273s (65.7%)
2026-03-18 11:34:19,978 - RASTRIGIN d=2 seed=42 - V1 - INFO - PSO start | seed=42 w=0.7 c1=1.5 c2=1.5 n_particles=80 max_iters=500
2026-03-18 11:34:19,982 - RASTRIGIN d=2 seed=42 - V1 - INFO - iter=    0 | best=4.995815e+00 | t_eval=4.17ms | no_improve=0/30
2026-03-18 11:34:20,071 - RASTRIGIN d=2 seed=42 - V1 - INFO - iter=   10 | best=2.464186e-01 | t_eval=5.28ms | no_improve=7/30
2026-03-18 11:34:20,163 - RASTRIGIN d=2 seed=42 - V1 - INFO - iter=   20 | best=7.139904e-03 | t_eval=6.68ms | no_improve=1/30
2026-03-18 11:34:20,222 - RASTRIGIN d=2 seed=42 - V1 - INFO - iter=   30 | best=3.262970e-04 | t_eval=3.29ms | no_improve=1/30
2026-03-18 11:34:20,284 - RASTRIGIN d=2 seed=42 - V1 - INFO - iter=   40 | best=7.823792e-06 | t_eval=3.39ms | no_improve=5/30
2026-03-18 11:34:20,354 - RASTRIGIN d=2 seed=42 - V1 - INFO - iter=   50 | best=4.442687e-06 | t_eval=6.84ms | no_improve=6/30
2026-03-18 11:34:20,466 - RASTRIGIN d=2 seed=42 - V1 - INFO - iter=   60 | best=2.305164e-09 | t_eval=10.83ms | no_improve=4/30
2026-03-18 11:34:20,585 - RASTRIGIN d=2 seed=42 - V1 - INFO - iter=   70 | best=1.882306e-09 | t_eval=6.40ms | no_improve=1/30
2026-03-18 11:34:20,718 - RASTRIGIN d=2 seed=42 - V1 - INFO - iter=   80 | best=8.835315e-10 | t_eval=4.33ms | no_improve=8/30
2026-03-18 11:34:20,818 - RASTRIGIN d=2 seed=42 - V1 - INFO - iter=   90 | best=2.252065e-11 | t_eval=10.76ms | no_improve=5/30
2026-03-18 11:34:20,968 - RASTRIGIN d=2 seed=42 - V1 - INFO - iter=  100 | best=7.105427e-14 | t_eval=8.28ms | no_improve=15/30
2026-03-18 11:34:21,094 - RASTRIGIN d=2 seed=42 - V1 - INFO - iter=  110 | best=2.131628e-14 | t_eval=10.33ms | no_improve=25/30
2026-03-18 11:34:21,167 - RASTRIGIN d=2 seed=42 - V1 - INFO - Early stop at iter=115 (no improvement for 30 iters)
2026-03-18 11:34:21,168 - RASTRIGIN d=2 seed=42 - V1 - INFO - PSO done  | best=2.131628e-14 | iters=116 | total=1.1894s | t_eval=0.8172s (68.7%) | t_update=0.3542s (29.8%)
2026-03-18 11:34:22,339 - RASTRIGIN d=2 seed=42 - RUN - INFO - V0  fit=2.131628e-14 iters=116 time=0.4985s eval=31.2% update=65.7%
2026-03-18 11:34:22,340 - RASTRIGIN d=2 seed=42 - RUN - INFO - V1  fit=2.131628e-14 iters=116 time=1.1894s eval=68.7% update=29.8% speedup=0.419x
2026-03-18 11:34:22,341 - RASTRIGIN d=2 seed=42 - RUN - INFO - PySwarm fit=1.848605e-08 time=1.1715s
2026-03-18 11:34:22,341 - RASTRIGIN d=2 seed=42 - RUN - INFO - Winner: V0 Sequential
2026-03-18 11:39:43,073 - SPHERE d=2 seed=42 - RUN - INFO - Hyperparams: source=grid_search w=0.4 c1=1.8 c2=1.2 n=60
2026-03-18 11:39:43,078 - SPHERE d=2 seed=42 - V0 - INFO - PSO start | seed=42 w=0.4 c1=1.8 c2=1.2 n_particles=60 max_iters=500
2026-03-18 11:39:43,078 - SPHERE d=2 seed=42 - V0 - INFO - iter=    0 | best=2.643601e-02 | t_eval=0.25ms | no_improve=0/30
2026-03-18 11:39:43,092 - SPHERE d=2 seed=42 - V0 - INFO - iter=   10 | best=1.652823e-05 | t_eval=0.24ms | no_improve=0/30
2026-03-18 11:39:43,109 - SPHERE d=2 seed=42 - V0 - INFO - iter=   20 | best=1.635655e-08 | t_eval=0.25ms | no_improve=1/30
2026-03-18 11:39:43,124 - SPHERE d=2 seed=42 - V0 - INFO - iter=   30 | best=1.367880e-12 | t_eval=0.25ms | no_improve=2/30
2026-03-18 11:39:43,139 - SPHERE d=2 seed=42 - V0 - INFO - iter=   40 | best=1.094218e-14 | t_eval=0.23ms | no_improve=12/30
2026-03-18 11:39:43,155 - SPHERE d=2 seed=42 - V0 - INFO - iter=   50 | best=1.313382e-18 | t_eval=0.24ms | no_improve=22/30
2026-03-18 11:39:43,166 - SPHERE d=2 seed=42 - V0 - INFO - Early stop at iter=58 (no improvement for 30 iters)
2026-03-18 11:39:43,166 - SPHERE d=2 seed=42 - V0 - INFO - PSO done  | best=2.309143e-20 | iters=59 | total=0.0886s | t_eval=0.0146s (16.5%) | t_update=0.0705s (79.5%)
2026-03-18 11:39:43,169 - SPHERE d=2 seed=42 - V1 - INFO - PSO start | seed=42 w=0.4 c1=1.8 c2=1.2 n_particles=60 max_iters=500
2026-03-18 11:39:43,173 - SPHERE d=2 seed=42 - V1 - INFO - iter=    0 | best=2.643601e-02 | t_eval=4.56ms | no_improve=0/30
2026-03-18 11:39:43,211 - SPHERE d=2 seed=42 - V1 - INFO - iter=   10 | best=1.652823e-05 | t_eval=2.06ms | no_improve=0/30
2026-03-18 11:39:43,246 - SPHERE d=2 seed=42 - V1 - INFO - iter=   20 | best=1.635655e-08 | t_eval=2.96ms | no_improve=1/30
2026-03-18 11:39:43,283 - SPHERE d=2 seed=42 - V1 - INFO - iter=   30 | best=1.367880e-12 | t_eval=2.08ms | no_improve=2/30
2026-03-18 11:39:43,323 - SPHERE d=2 seed=42 - V1 - INFO - iter=   40 | best=1.094218e-14 | t_eval=2.54ms | no_improve=12/30
2026-03-18 11:39:43,360 - SPHERE d=2 seed=42 - V1 - INFO - iter=   50 | best=1.313382e-18 | t_eval=2.46ms | no_improve=22/30
2026-03-18 11:39:43,387 - SPHERE d=2 seed=42 - V1 - INFO - Early stop at iter=58 (no improvement for 30 iters)
2026-03-18 11:39:43,387 - SPHERE d=2 seed=42 - V1 - INFO - PSO done  | best=2.309143e-20 | iters=59 | total=0.2186s | t_eval=0.1444s (66.1%) | t_update=0.0699s (32.0%)
2026-03-18 11:39:43,434 - SPHERE d=2 seed=42 - RUN - INFO - V0  fit=2.309143e-20 iters=59 time=0.0886s eval=16.5% update=79.5%
2026-03-18 11:39:43,434 - SPHERE d=2 seed=42 - RUN - INFO - V1  fit=2.309143e-20 iters=59 time=0.2186s eval=66.1% update=32.0% speedup=0.405x
2026-03-18 11:39:43,434 - SPHERE d=2 seed=42 - RUN - INFO - PySwarm fit=2.736208e-09 time=0.0461s
2026-03-18 11:39:43,434 - SPHERE d=2 seed=42 - RUN - INFO - Winner: V0 Sequential
2026-03-18 11:40:23,892 - ACKLEY d=2 seed=42 - RUN - INFO - Hyperparams: source=grid_search w=0.4 c1=1.2 c2=1.2 n=100
2026-03-18 11:40:23,900 - ACKLEY d=2 seed=42 - V0 - INFO - PSO start | seed=42 w=0.4 c1=1.2 c2=1.2 n_particles=100 max_iters=500
2026-03-18 11:40:23,902 - ACKLEY d=2 seed=42 - V0 - INFO - iter=    0 | best=1.052670e+00 | t_eval=1.61ms | no_improve=0/30
2026-03-18 11:40:23,956 - ACKLEY d=2 seed=42 - V0 - INFO - iter=   10 | best=6.486173e-03 | t_eval=3.66ms | no_improve=5/30
2026-03-18 11:40:24,058 - ACKLEY d=2 seed=42 - V0 - INFO - iter=   20 | best=2.843123e-04 | t_eval=7.96ms | no_improve=0/30
2026-03-18 11:40:24,160 - ACKLEY d=2 seed=42 - V0 - INFO - iter=   30 | best=1.989841e-06 | t_eval=3.78ms | no_improve=1/30
2026-03-18 11:40:24,233 - ACKLEY d=2 seed=42 - V0 - INFO - iter=   40 | best=4.142895e-08 | t_eval=2.02ms | no_improve=1/30
2026-03-18 11:40:24,320 - ACKLEY d=2 seed=42 - V0 - INFO - iter=   50 | best=1.416081e-10 | t_eval=1.78ms | no_improve=1/30
2026-03-18 11:40:24,377 - ACKLEY d=2 seed=42 - V0 - INFO - iter=   60 | best=1.290035e-11 | t_eval=1.71ms | no_improve=4/30
2026-03-18 11:40:24,429 - ACKLEY d=2 seed=42 - V0 - INFO - iter=   70 | best=2.136069e-13 | t_eval=1.54ms | no_improve=14/30
2026-03-18 11:40:24,484 - ACKLEY d=2 seed=42 - V0 - INFO - iter=   80 | best=3.996803e-15 | t_eval=5.41ms | no_improve=24/30
2026-03-18 11:40:24,520 - ACKLEY d=2 seed=42 - V0 - INFO - Early stop at iter=86 (no improvement for 30 iters)
2026-03-18 11:40:24,520 - ACKLEY d=2 seed=42 - V0 - INFO - PSO done  | best=4.440892e-16 | iters=87 | total=0.6198s | t_eval=0.2372s (38.3%) | t_update=0.3632s (58.6%)
2026-03-18 11:40:24,528 - ACKLEY d=2 seed=42 - V1 - INFO - PSO start | seed=42 w=0.4 c1=1.2 c2=1.2 n_particles=100 max_iters=500
2026-03-18 11:40:24,536 - ACKLEY d=2 seed=42 - V1 - INFO - iter=    0 | best=1.052670e+00 | t_eval=6.88ms | no_improve=0/30
2026-03-18 11:40:24,638 - ACKLEY d=2 seed=42 - V1 - INFO - iter=   10 | best=6.486173e-03 | t_eval=4.75ms | no_improve=5/30
2026-03-18 11:40:24,756 - ACKLEY d=2 seed=42 - V1 - INFO - iter=   20 | best=2.843123e-04 | t_eval=30.35ms | no_improve=0/30
2026-03-18 11:40:24,831 - ACKLEY d=2 seed=42 - V1 - INFO - iter=   30 | best=1.989841e-06 | t_eval=5.51ms | no_improve=1/30
2026-03-18 11:40:24,909 - ACKLEY d=2 seed=42 - V1 - INFO - iter=   40 | best=4.142895e-08 | t_eval=5.02ms | no_improve=1/30
2026-03-18 11:40:25,011 - ACKLEY d=2 seed=42 - V1 - INFO - iter=   50 | best=1.416081e-10 | t_eval=6.50ms | no_improve=1/30
2026-03-18 11:40:25,115 - ACKLEY d=2 seed=42 - V1 - INFO - iter=   60 | best=1.290035e-11 | t_eval=5.14ms | no_improve=4/30
2026-03-18 11:40:25,209 - ACKLEY d=2 seed=42 - V1 - INFO - iter=   70 | best=2.136069e-13 | t_eval=6.91ms | no_improve=14/30
2026-03-18 11:40:25,304 - ACKLEY d=2 seed=42 - V1 - INFO - iter=   80 | best=3.996803e-15 | t_eval=6.42ms | no_improve=24/30
2026-03-18 11:40:25,383 - ACKLEY d=2 seed=42 - V1 - INFO - Early stop at iter=86 (no improvement for 30 iters)
2026-03-18 11:40:25,383 - ACKLEY d=2 seed=42 - V1 - INFO - PSO done  | best=4.440892e-16 | iters=87 | total=0.8550s | t_eval=0.5895s (69.0%) | t_update=0.2524s (29.5%)
2026-03-18 11:40:25,604 - ACKLEY d=2 seed=42 - RUN - INFO - V0  fit=4.440892e-16 iters=87 time=0.6198s eval=38.3% update=58.6%
2026-03-18 11:40:25,604 - ACKLEY d=2 seed=42 - RUN - INFO - V1  fit=4.440892e-16 iters=87 time=0.8550s eval=69.0% update=29.5% speedup=0.725x
2026-03-18 11:40:25,604 - ACKLEY d=2 seed=42 - RUN - INFO - PySwarm fit=1.905162e-07 time=0.2198s
2026-03-18 11:40:25,604 - ACKLEY d=2 seed=42 - RUN - INFO - Winner: V0 Sequential
2026-03-18 11:41:14,052 - ROSENBROCK d=2 seed=42 - RUN - INFO - Hyperparams: source=grid_search w=0.6 c1=1.2 c2=1.5 n=100
2026-03-18 11:41:14,065 - ROSENBROCK d=2 seed=42 - V0 - INFO - PSO start | seed=42 w=0.6 c1=1.2 c2=1.5 n_particles=100 max_iters=500
2026-03-18 11:41:14,067 - ROSENBROCK d=2 seed=42 - V0 - INFO - iter=    0 | best=2.510748e+00 | t_eval=1.70ms | no_improve=0/30
2026-03-18 11:41:14,144 - ROSENBROCK d=2 seed=42 - V0 - INFO - iter=   10 | best=3.136078e-04 | t_eval=3.38ms | no_improve=0/30
2026-03-18 11:41:14,199 - ROSENBROCK d=2 seed=42 - V0 - INFO - iter=   20 | best=1.165038e-05 | t_eval=1.61ms | no_improve=4/30
2026-03-18 11:41:14,241 - ROSENBROCK d=2 seed=42 - V0 - INFO - iter=   30 | best=1.036238e-06 | t_eval=1.23ms | no_improve=0/30
2026-03-18 11:41:14,278 - ROSENBROCK d=2 seed=42 - V0 - INFO - iter=   40 | best=5.845261e-08 | t_eval=1.20ms | no_improve=2/30
2026-03-18 11:41:14,317 - ROSENBROCK d=2 seed=42 - V0 - INFO - iter=   50 | best=1.493526e-08 | t_eval=1.31ms | no_improve=5/30
2026-03-18 11:41:14,356 - ROSENBROCK d=2 seed=42 - V0 - INFO - iter=   60 | best=8.627377e-10 | t_eval=1.83ms | no_improve=4/30
2026-03-18 11:41:14,395 - ROSENBROCK d=2 seed=42 - V0 - INFO - iter=   70 | best=2.372033e-10 | t_eval=1.38ms | no_improve=2/30
2026-03-18 11:41:14,434 - ROSENBROCK d=2 seed=42 - V0 - INFO - iter=   80 | best=1.075670e-12 | t_eval=1.23ms | no_improve=6/30
2026-03-18 11:41:14,474 - ROSENBROCK d=2 seed=42 - V0 - INFO - iter=   90 | best=9.532104e-15 | t_eval=1.25ms | no_improve=16/30
2026-03-18 11:41:14,514 - ROSENBROCK d=2 seed=42 - V0 - INFO - iter=  100 | best=1.278273e-16 | t_eval=1.31ms | no_improve=26/30
2026-03-18 11:41:14,530 - ROSENBROCK d=2 seed=42 - V0 - INFO - Early stop at iter=104 (no improvement for 30 iters)
2026-03-18 11:41:14,530 - ROSENBROCK d=2 seed=42 - V0 - INFO - PSO done  | best=1.278273e-16 | iters=105 | total=0.4652s | t_eval=0.1696s (36.5%) | t_update=0.2836s (61.0%)
2026-03-18 11:41:14,536 - ROSENBROCK d=2 seed=42 - V1 - INFO - PSO start | seed=42 w=0.6 c1=1.2 c2=1.5 n_particles=100 max_iters=500
2026-03-18 11:41:14,542 - ROSENBROCK d=2 seed=42 - V1 - INFO - iter=    0 | best=2.510748e+00 | t_eval=5.86ms | no_improve=0/30
2026-03-18 11:41:14,619 - ROSENBROCK d=2 seed=42 - V1 - INFO - iter=   10 | best=3.136078e-04 | t_eval=5.26ms | no_improve=0/30
2026-03-18 11:41:14,699 - ROSENBROCK d=2 seed=42 - V1 - INFO - iter=   20 | best=1.165038e-05 | t_eval=5.73ms | no_improve=4/30
2026-03-18 11:41:14,783 - ROSENBROCK d=2 seed=42 - V1 - INFO - iter=   30 | best=1.036238e-06 | t_eval=7.64ms | no_improve=0/30
2026-03-18 11:41:15,083 - ROSENBROCK d=2 seed=42 - V1 - INFO - iter=   40 | best=5.845261e-08 | t_eval=55.94ms | no_improve=2/30
2026-03-18 11:41:15,246 - ROSENBROCK d=2 seed=42 - V1 - INFO - iter=   50 | best=1.493526e-08 | t_eval=8.93ms | no_improve=5/30
2026-03-18 11:41:15,349 - ROSENBROCK d=2 seed=42 - V1 - INFO - iter=   60 | best=8.627377e-10 | t_eval=5.32ms | no_improve=4/30
2026-03-18 11:41:15,419 - ROSENBROCK d=2 seed=42 - V1 - INFO - iter=   70 | best=2.372033e-10 | t_eval=5.28ms | no_improve=2/30
2026-03-18 11:41:15,514 - ROSENBROCK d=2 seed=42 - V1 - INFO - iter=   80 | best=1.075670e-12 | t_eval=8.21ms | no_improve=6/30
2026-03-18 11:41:15,642 - ROSENBROCK d=2 seed=42 - V1 - INFO - iter=   90 | best=9.532104e-15 | t_eval=7.67ms | no_improve=16/30
2026-03-18 11:41:15,748 - ROSENBROCK d=2 seed=42 - V1 - INFO - iter=  100 | best=1.278273e-16 | t_eval=14.02ms | no_improve=26/30
2026-03-18 11:41:15,790 - ROSENBROCK d=2 seed=42 - V1 - INFO - Early stop at iter=104 (no improvement for 30 iters)
2026-03-18 11:41:15,790 - ROSENBROCK d=2 seed=42 - V1 - INFO - PSO done  | best=1.278273e-16 | iters=105 | total=1.2545s | t_eval=0.9128s (72.8%) | t_update=0.3279s (26.1%)
2026-03-18 11:41:16,098 - ROSENBROCK d=2 seed=42 - RUN - INFO - V0  fit=1.278273e-16 iters=105 time=0.4652s eval=36.5% update=61.0%
2026-03-18 11:41:16,099 - ROSENBROCK d=2 seed=42 - RUN - INFO - V1  fit=1.278273e-16 iters=105 time=1.2545s eval=72.8% update=26.1% speedup=0.371x
2026-03-18 11:41:16,099 - ROSENBROCK d=2 seed=42 - RUN - INFO - PySwarm fit=1.727870e-08 time=0.3076s
2026-03-18 11:41:16,099 - ROSENBROCK d=2 seed=42 - RUN - INFO - Winner: V0 Sequential
2026-03-18 11:42:03,966 - RASTRIGIN d=2 seed=42 - RUN - INFO - Hyperparams: source=grid_search w=0.5 c1=1.0 c2=1.4 n=80
2026-03-18 11:42:03,972 - RASTRIGIN d=2 seed=42 - V0 - INFO - PSO start | seed=42 w=0.5 c1=1.0 c2=1.4 n_particles=80 max_iters=500
2026-03-18 11:42:03,973 - RASTRIGIN d=2 seed=42 - V0 - INFO - iter=    0 | best=4.995815e+00 | t_eval=0.83ms | no_improve=0/30
2026-03-18 11:42:03,997 - RASTRIGIN d=2 seed=42 - V0 - INFO - iter=   10 | best=9.372696e-04 | t_eval=0.79ms | no_improve=0/30
2026-03-18 11:42:04,025 - RASTRIGIN d=2 seed=42 - V0 - INFO - iter=   20 | best=7.858405e-05 | t_eval=0.95ms | no_improve=0/30
2026-03-18 11:42:04,055 - RASTRIGIN d=2 seed=42 - V0 - INFO - iter=   30 | best=1.078504e-08 | t_eval=0.81ms | no_improve=0/30
2026-03-18 11:42:04,081 - RASTRIGIN d=2 seed=42 - V0 - INFO - iter=   40 | best=1.606075e-10 | t_eval=0.76ms | no_improve=1/30
2026-03-18 11:42:04,107 - RASTRIGIN d=2 seed=42 - V0 - INFO - iter=   50 | best=4.973799e-13 | t_eval=0.76ms | no_improve=11/30
2026-03-18 11:42:04,134 - RASTRIGIN d=2 seed=42 - V0 - INFO - iter=   60 | best=0.000000e+00 | t_eval=0.86ms | no_improve=21/30
2026-03-18 11:42:04,160 - RASTRIGIN d=2 seed=42 - V0 - INFO - Early stop at iter=69 (no improvement for 30 iters)
2026-03-18 11:42:04,161 - RASTRIGIN d=2 seed=42 - V0 - INFO - PSO done  | best=0.000000e+00 | iters=70 | total=0.1890s | t_eval=0.0582s (30.8%) | t_update=0.1260s (66.7%)
2026-03-18 11:42:04,165 - RASTRIGIN d=2 seed=42 - V1 - INFO - PSO start | seed=42 w=0.5 c1=1.0 c2=1.4 n_particles=80 max_iters=500
2026-03-18 11:42:04,171 - RASTRIGIN d=2 seed=42 - V1 - INFO - iter=    0 | best=4.995815e+00 | t_eval=6.51ms | no_improve=0/30
2026-03-18 11:42:04,233 - RASTRIGIN d=2 seed=42 - V1 - INFO - iter=   10 | best=9.372696e-04 | t_eval=4.02ms | no_improve=0/30
2026-03-18 11:42:04,284 - RASTRIGIN d=2 seed=42 - V1 - INFO - iter=   20 | best=7.858405e-05 | t_eval=3.65ms | no_improve=0/30
2026-03-18 11:42:04,335 - RASTRIGIN d=2 seed=42 - V1 - INFO - iter=   30 | best=1.078504e-08 | t_eval=3.19ms | no_improve=0/30
2026-03-18 11:42:04,387 - RASTRIGIN d=2 seed=42 - V1 - INFO - iter=   40 | best=1.606075e-10 | t_eval=3.52ms | no_improve=1/30
2026-03-18 11:42:04,438 - RASTRIGIN d=2 seed=42 - V1 - INFO - iter=   50 | best=4.973799e-13 | t_eval=3.19ms | no_improve=11/30
2026-03-18 11:42:04,489 - RASTRIGIN d=2 seed=42 - V1 - INFO - iter=   60 | best=0.000000e+00 | t_eval=3.36ms | no_improve=21/30
2026-03-18 11:42:04,535 - RASTRIGIN d=2 seed=42 - V1 - INFO - Early stop at iter=69 (no improvement for 30 iters)
2026-03-18 11:42:04,535 - RASTRIGIN d=2 seed=42 - V1 - INFO - PSO done  | best=0.000000e+00 | iters=70 | total=0.3707s | t_eval=0.2468s (66.6%) | t_update=0.1176s (31.7%)
2026-03-18 11:42:04,611 - RASTRIGIN d=2 seed=42 - RUN - INFO - V0  fit=0.000000e+00 iters=70 time=0.1890s eval=30.8% update=66.7%
2026-03-18 11:42:04,611 - RASTRIGIN d=2 seed=42 - RUN - INFO - V1  fit=0.000000e+00 iters=70 time=0.3707s eval=66.6% update=31.7% speedup=0.510x
2026-03-18 11:42:04,611 - RASTRIGIN d=2 seed=42 - RUN - INFO - PySwarm fit=5.360889e-06 time=0.0752s
2026-03-18 11:42:04,611 - RASTRIGIN d=2 seed=42 - RUN - INFO - Winner: V0 Sequential
2026-03-18 11:43:46,706 - SPHERE d=2 seed=42 - RUN - INFO - Hyperparams: source=fixed_config w=0.7 c1=1.5 c2=1.5 n=80
2026-03-18 11:43:46,711 - SPHERE d=2 seed=42 - V0 - INFO - PSO start | seed=42 w=0.7 c1=1.5 c2=1.5 n_particles=80 max_iters=500
2026-03-18 11:43:46,712 - SPHERE d=2 seed=42 - V0 - INFO - iter=    0 | best=2.643601e-02 | t_eval=0.79ms | no_improve=0/30
2026-03-18 11:43:46,747 - SPHERE d=2 seed=42 - V0 - INFO - iter=   10 | best=3.661035e-04 | t_eval=1.51ms | no_improve=2/30
2026-03-18 11:43:46,780 - SPHERE d=2 seed=42 - V0 - INFO - iter=   20 | best=1.722550e-05 | t_eval=0.41ms | no_improve=0/30
2026-03-18 11:43:46,821 - SPHERE d=2 seed=42 - V0 - INFO - iter=   30 | best=1.613904e-07 | t_eval=0.75ms | no_improve=1/30
2026-03-18 11:43:46,858 - SPHERE d=2 seed=42 - V0 - INFO - iter=   40 | best=3.669046e-08 | t_eval=0.43ms | no_improve=0/30
2026-03-18 11:43:46,896 - SPHERE d=2 seed=42 - V0 - INFO - iter=   50 | best=1.609047e-09 | t_eval=0.42ms | no_improve=5/30
2026-03-18 11:43:46,951 - SPHERE d=2 seed=42 - V0 - INFO - iter=   60 | best=1.884667e-10 | t_eval=0.80ms | no_improve=5/30
2026-03-18 11:43:46,985 - SPHERE d=2 seed=42 - V0 - INFO - iter=   70 | best=1.416899e-10 | t_eval=0.42ms | no_improve=15/30
2026-03-18 11:43:47,054 - SPHERE d=2 seed=42 - V0 - INFO - iter=   80 | best=4.196490e-13 | t_eval=0.38ms | no_improve=25/30
2026-03-18 11:43:47,119 - SPHERE d=2 seed=42 - V0 - INFO - Early stop at iter=85 (no improvement for 30 iters)
2026-03-18 11:43:47,119 - SPHERE d=2 seed=42 - V0 - INFO - PSO done  | best=4.196490e-13 | iters=86 | total=0.4082s | t_eval=0.0560s (13.7%) | t_update=0.3278s (80.3%)
2026-03-18 11:43:47,128 - SPHERE d=2 seed=42 - V1 - INFO - PSO start | seed=42 w=0.7 c1=1.5 c2=1.5 n_particles=80 max_iters=500
2026-03-18 11:43:47,265 - SPHERE d=2 seed=42 - V1 - INFO - iter=    0 | best=2.643601e-02 | t_eval=136.20ms | no_improve=0/30
2026-03-18 11:43:47,362 - SPHERE d=2 seed=42 - V1 - INFO - iter=   10 | best=3.661035e-04 | t_eval=5.65ms | no_improve=2/30
2026-03-18 11:43:47,484 - SPHERE d=2 seed=42 - V1 - INFO - iter=   20 | best=1.722550e-05 | t_eval=8.38ms | no_improve=0/30
2026-03-18 11:43:47,606 - SPHERE d=2 seed=42 - V1 - INFO - iter=   30 | best=1.613904e-07 | t_eval=6.89ms | no_improve=1/30
2026-03-18 11:43:47,718 - SPHERE d=2 seed=42 - V1 - INFO - iter=   40 | best=3.669046e-08 | t_eval=6.92ms | no_improve=0/30
2026-03-18 11:43:47,822 - SPHERE d=2 seed=42 - V1 - INFO - iter=   50 | best=1.609047e-09 | t_eval=4.90ms | no_improve=5/30
2026-03-18 11:43:47,928 - SPHERE d=2 seed=42 - V1 - INFO - iter=   60 | best=1.884667e-10 | t_eval=3.76ms | no_improve=5/30
2026-03-18 11:43:48,006 - SPHERE d=2 seed=42 - V1 - INFO - iter=   70 | best=1.416899e-10 | t_eval=3.44ms | no_improve=15/30
2026-03-18 11:43:48,076 - SPHERE d=2 seed=42 - V1 - INFO - iter=   80 | best=4.196490e-13 | t_eval=3.16ms | no_improve=25/30
2026-03-18 11:43:48,107 - SPHERE d=2 seed=42 - V1 - INFO - Early stop at iter=85 (no improvement for 30 iters)
2026-03-18 11:43:48,107 - SPHERE d=2 seed=42 - V1 - INFO - PSO done  | best=4.196490e-13 | iters=86 | total=0.9789s | t_eval=0.6560s (67.0%) | t_update=0.3083s (31.5%)
2026-03-18 11:43:48,214 - SPHERE d=2 seed=42 - RUN - INFO - V0  fit=4.196490e-13 iters=86 time=0.4082s eval=13.7% update=80.3%
2026-03-18 11:43:48,214 - SPHERE d=2 seed=42 - RUN - INFO - V1  fit=4.196490e-13 iters=86 time=0.9789s eval=67.0% update=31.5% speedup=0.417x
2026-03-18 11:43:48,214 - SPHERE d=2 seed=42 - RUN - INFO - PySwarm fit=3.666148e-08 time=0.1061s
2026-03-18 11:43:48,214 - SPHERE d=2 seed=42 - RUN - INFO - Winner: V0 Sequential
2026-03-18 11:43:49,843 - SPHERE d=10 seed=42 - RUN - INFO - Hyperparams: source=fixed_config w=0.7 c1=1.5 c2=1.5 n=80
2026-03-18 11:43:49,848 - SPHERE d=10 seed=42 - V0 - INFO - PSO start | seed=42 w=0.7 c1=1.5 c2=1.5 n_particles=80 max_iters=500
2026-03-18 11:43:49,848 - SPHERE d=10 seed=42 - V0 - INFO - iter=    0 | best=3.907726e+01 | t_eval=0.38ms | no_improve=0/30
2026-03-18 11:43:49,877 - SPHERE d=10 seed=42 - V0 - INFO - iter=   10 | best=4.117483e-01 | t_eval=0.50ms | no_improve=0/30
2026-03-18 11:43:49,907 - SPHERE d=10 seed=42 - V0 - INFO - iter=   20 | best=2.680658e-02 | t_eval=0.68ms | no_improve=0/30
2026-03-18 11:43:49,957 - SPHERE d=10 seed=42 - V0 - INFO - iter=   30 | best=1.022560e-02 | t_eval=0.45ms | no_improve=0/30
2026-03-18 11:43:50,010 - SPHERE d=10 seed=42 - V0 - INFO - iter=   40 | best=1.278310e-03 | t_eval=0.45ms | no_improve=0/30
2026-03-18 11:43:50,068 - SPHERE d=10 seed=42 - V0 - INFO - iter=   50 | best=5.073377e-04 | t_eval=0.97ms | no_improve=3/30
2026-03-18 11:43:50,145 - SPHERE d=10 seed=42 - V0 - INFO - iter=   60 | best=5.502976e-05 | t_eval=0.95ms | no_improve=0/30
2026-03-18 11:43:50,191 - SPHERE d=10 seed=42 - V0 - INFO - iter=   70 | best=8.884383e-06 | t_eval=0.89ms | no_improve=1/30
2026-03-18 11:43:50,227 - SPHERE d=10 seed=42 - V0 - INFO - iter=   80 | best=2.737134e-06 | t_eval=0.53ms | no_improve=2/30
2026-03-18 11:43:50,261 - SPHERE d=10 seed=42 - V0 - INFO - iter=   90 | best=4.978382e-07 | t_eval=0.41ms | no_improve=2/30
2026-03-18 11:43:50,302 - SPHERE d=10 seed=42 - V0 - INFO - iter=  100 | best=1.113691e-07 | t_eval=0.59ms | no_improve=0/30
2026-03-18 11:43:50,342 - SPHERE d=10 seed=42 - V0 - INFO - iter=  110 | best=1.683879e-08 | t_eval=0.89ms | no_improve=2/30
2026-03-18 11:43:50,408 - SPHERE d=10 seed=42 - V0 - INFO - iter=  120 | best=5.816244e-09 | t_eval=0.74ms | no_improve=0/30
2026-03-18 11:43:50,451 - SPHERE d=10 seed=42 - V0 - INFO - iter=  130 | best=1.093112e-09 | t_eval=0.51ms | no_improve=0/30
2026-03-18 11:43:50,492 - SPHERE d=10 seed=42 - V0 - INFO - iter=  140 | best=1.358517e-10 | t_eval=0.96ms | no_improve=4/30
2026-03-18 11:43:50,521 - SPHERE d=10 seed=42 - V0 - INFO - iter=  150 | best=1.980288e-11 | t_eval=0.39ms | no_improve=14/30
2026-03-18 11:43:50,564 - SPHERE d=10 seed=42 - V0 - INFO - iter=  160 | best=8.162434e-12 | t_eval=1.29ms | no_improve=24/30
2026-03-18 11:43:50,586 - SPHERE d=10 seed=42 - V0 - INFO - Early stop at iter=166 (no improvement for 30 iters)
2026-03-18 11:43:50,586 - SPHERE d=10 seed=42 - V0 - INFO - PSO done  | best=2.628665e-12 | iters=167 | total=0.7385s | t_eval=0.1289s (17.4%) | t_update=0.5854s (79.3%)
2026-03-18 11:43:50,596 - SPHERE d=10 seed=42 - V1 - INFO - PSO start | seed=42 w=0.7 c1=1.5 c2=1.5 n_particles=80 max_iters=500
2026-03-18 11:43:50,605 - SPHERE d=10 seed=42 - V1 - INFO - iter=    0 | best=3.907726e+01 | t_eval=7.58ms | no_improve=0/30
2026-03-18 11:43:50,721 - SPHERE d=10 seed=42 - V1 - INFO - iter=   10 | best=4.117483e-01 | t_eval=3.54ms | no_improve=0/30
2026-03-18 11:43:50,821 - SPHERE d=10 seed=42 - V1 - INFO - iter=   20 | best=2.680658e-02 | t_eval=5.63ms | no_improve=0/30
2026-03-18 11:43:50,992 - SPHERE d=10 seed=42 - V1 - INFO - iter=   30 | best=1.022560e-02 | t_eval=5.67ms | no_improve=0/30
2026-03-18 11:43:51,171 - SPHERE d=10 seed=42 - V1 - INFO - iter=   40 | best=1.278310e-03 | t_eval=7.33ms | no_improve=0/30
2026-03-18 11:43:51,343 - SPHERE d=10 seed=42 - V1 - INFO - iter=   50 | best=5.073377e-04 | t_eval=5.93ms | no_improve=3/30
2026-03-18 11:43:51,474 - SPHERE d=10 seed=42 - V1 - INFO - iter=   60 | best=5.502976e-05 | t_eval=5.22ms | no_improve=0/30
2026-03-18 11:43:51,569 - SPHERE d=10 seed=42 - V1 - INFO - iter=   70 | best=8.884383e-06 | t_eval=4.20ms | no_improve=1/30
2026-03-18 11:43:51,649 - SPHERE d=10 seed=42 - V1 - INFO - iter=   80 | best=2.737134e-06 | t_eval=5.14ms | no_improve=2/30
2026-03-18 11:43:51,718 - SPHERE d=10 seed=42 - V1 - INFO - iter=   90 | best=4.978382e-07 | t_eval=3.85ms | no_improve=2/30
2026-03-18 11:43:51,795 - SPHERE d=10 seed=42 - V1 - INFO - iter=  100 | best=1.113691e-07 | t_eval=6.41ms | no_improve=0/30
2026-03-18 11:43:51,876 - SPHERE d=10 seed=42 - V1 - INFO - iter=  110 | best=1.683879e-08 | t_eval=5.32ms | no_improve=2/30
2026-03-18 11:43:51,972 - SPHERE d=10 seed=42 - V1 - INFO - iter=  120 | best=5.816244e-09 | t_eval=4.81ms | no_improve=0/30
2026-03-18 11:43:52,059 - SPHERE d=10 seed=42 - V1 - INFO - iter=  130 | best=1.093112e-09 | t_eval=4.09ms | no_improve=0/30
2026-03-18 11:43:52,142 - SPHERE d=10 seed=42 - V1 - INFO - iter=  140 | best=1.358517e-10 | t_eval=6.22ms | no_improve=4/30
2026-03-18 11:43:52,225 - SPHERE d=10 seed=42 - V1 - INFO - iter=  150 | best=1.980288e-11 | t_eval=6.28ms | no_improve=14/30
2026-03-18 11:43:52,314 - SPHERE d=10 seed=42 - V1 - INFO - iter=  160 | best=8.162434e-12 | t_eval=5.56ms | no_improve=24/30
2026-03-18 11:43:52,370 - SPHERE d=10 seed=42 - V1 - INFO - Early stop at iter=166 (no improvement for 30 iters)
2026-03-18 11:43:52,370 - SPHERE d=10 seed=42 - V1 - INFO - PSO done  | best=2.628665e-12 | iters=167 | total=1.7742s | t_eval=1.1462s (64.6%) | t_update=0.6021s (33.9%)
2026-03-18 11:43:52,902 - SPHERE d=10 seed=42 - RUN - INFO - V0  fit=2.628665e-12 iters=167 time=0.7385s eval=17.4% update=79.3%
2026-03-18 11:43:52,902 - SPHERE d=10 seed=42 - RUN - INFO - V1  fit=2.628665e-12 iters=167 time=1.7742s eval=64.6% update=33.9% speedup=0.416x
2026-03-18 11:43:52,902 - SPHERE d=10 seed=42 - RUN - INFO - PySwarm fit=2.703169e-07 time=0.5306s
2026-03-18 11:43:52,902 - SPHERE d=10 seed=42 - RUN - INFO - Winner: V0 Sequential
2026-03-18 11:43:53,581 - SPHERE d=30 seed=42 - RUN - INFO - Hyperparams: source=fixed_config w=0.7 c1=1.5 c2=1.5 n=80
2026-03-18 11:43:53,586 - SPHERE d=30 seed=42 - V0 - INFO - PSO start | seed=42 w=0.7 c1=1.5 c2=1.5 n_particles=80 max_iters=500
2026-03-18 11:43:53,587 - SPHERE d=30 seed=42 - V0 - INFO - iter=    0 | best=1.450498e+02 | t_eval=0.66ms | no_improve=0/30
2026-03-18 11:43:53,621 - SPHERE d=30 seed=42 - V0 - INFO - iter=   10 | best=1.841137e+01 | t_eval=0.40ms | no_improve=0/30
2026-03-18 11:43:53,653 - SPHERE d=30 seed=42 - V0 - INFO - iter=   20 | best=6.226686e+00 | t_eval=0.37ms | no_improve=0/30
2026-03-18 11:43:53,682 - SPHERE d=30 seed=42 - V0 - INFO - iter=   30 | best=1.915458e+00 | t_eval=0.39ms | no_improve=0/30
2026-03-18 11:43:53,713 - SPHERE d=30 seed=42 - V0 - INFO - iter=   40 | best=9.431497e-01 | t_eval=0.41ms | no_improve=0/30
2026-03-18 11:43:53,750 - SPHERE d=30 seed=42 - V0 - INFO - iter=   50 | best=5.213906e-01 | t_eval=0.42ms | no_improve=1/30
2026-03-18 11:43:53,776 - SPHERE d=30 seed=42 - V0 - INFO - iter=   60 | best=3.879963e-01 | t_eval=0.87ms | no_improve=2/30
2026-03-18 11:43:53,821 - SPHERE d=30 seed=42 - V0 - INFO - iter=   70 | best=1.731007e-01 | t_eval=0.45ms | no_improve=3/30
2026-03-18 11:43:53,862 - SPHERE d=30 seed=42 - V0 - INFO - iter=   80 | best=6.839192e-02 | t_eval=0.46ms | no_improve=0/30
2026-03-18 11:43:53,902 - SPHERE d=30 seed=42 - V0 - INFO - iter=   90 | best=3.833354e-02 | t_eval=0.45ms | no_improve=1/30
2026-03-18 11:43:53,931 - SPHERE d=30 seed=42 - V0 - INFO - iter=  100 | best=2.720339e-02 | t_eval=0.45ms | no_improve=0/30
2026-03-18 11:43:53,976 - SPHERE d=30 seed=42 - V0 - INFO - iter=  110 | best=2.001730e-02 | t_eval=0.40ms | no_improve=3/30
2026-03-18 11:43:54,024 - SPHERE d=30 seed=42 - V0 - INFO - iter=  120 | best=1.594388e-02 | t_eval=0.40ms | no_improve=0/30
2026-03-18 11:43:54,060 - SPHERE d=30 seed=42 - V0 - INFO - iter=  130 | best=1.384994e-02 | t_eval=0.38ms | no_improve=1/30
2026-03-18 11:43:54,101 - SPHERE d=30 seed=42 - V0 - INFO - iter=  140 | best=1.113645e-02 | t_eval=0.46ms | no_improve=0/30
2026-03-18 11:43:54,132 - SPHERE d=30 seed=42 - V0 - INFO - iter=  150 | best=2.530382e-03 | t_eval=0.44ms | no_improve=2/30
2026-03-18 11:43:54,168 - SPHERE d=30 seed=42 - V0 - INFO - iter=  160 | best=8.770749e-04 | t_eval=0.38ms | no_improve=1/30
2026-03-18 11:43:54,199 - SPHERE d=30 seed=42 - V0 - INFO - iter=  170 | best=5.951522e-04 | t_eval=0.43ms | no_improve=0/30
2026-03-18 11:43:54,227 - SPHERE d=30 seed=42 - V0 - INFO - iter=  180 | best=2.829526e-04 | t_eval=0.76ms | no_improve=0/30
2026-03-18 11:43:54,262 - SPHERE d=30 seed=42 - V0 - INFO - iter=  190 | best=1.359007e-04 | t_eval=0.40ms | no_improve=0/30
2026-03-18 11:43:54,303 - SPHERE d=30 seed=42 - V0 - INFO - iter=  200 | best=5.877294e-05 | t_eval=0.69ms | no_improve=0/30
2026-03-18 11:43:54,347 - SPHERE d=30 seed=42 - V0 - INFO - iter=  210 | best=3.262613e-05 | t_eval=0.82ms | no_improve=0/30
2026-03-18 11:43:54,382 - SPHERE d=30 seed=42 - V0 - INFO - iter=  220 | best=2.141873e-05 | t_eval=2.09ms | no_improve=1/30
2026-03-18 11:43:54,450 - SPHERE d=30 seed=42 - V0 - INFO - iter=  230 | best=9.469503e-06 | t_eval=0.85ms | no_improve=0/30
2026-03-18 11:43:54,509 - SPHERE d=30 seed=42 - V0 - INFO - iter=  240 | best=4.098825e-06 | t_eval=0.46ms | no_improve=0/30
2026-03-18 11:43:54,555 - SPHERE d=30 seed=42 - V0 - INFO - iter=  250 | best=2.175179e-06 | t_eval=0.54ms | no_improve=0/30
2026-03-18 11:43:54,589 - SPHERE d=30 seed=42 - V0 - INFO - iter=  260 | best=1.112139e-06 | t_eval=0.88ms | no_improve=0/30
2026-03-18 11:43:54,629 - SPHERE d=30 seed=42 - V0 - INFO - iter=  270 | best=4.722310e-07 | t_eval=0.53ms | no_improve=1/30
2026-03-18 11:43:54,669 - SPHERE d=30 seed=42 - V0 - INFO - iter=  280 | best=2.631876e-07 | t_eval=0.60ms | no_improve=0/30
2026-03-18 11:43:54,713 - SPHERE d=30 seed=42 - V0 - INFO - iter=  290 | best=1.025898e-07 | t_eval=0.83ms | no_improve=0/30
2026-03-18 11:43:54,763 - SPHERE d=30 seed=42 - V0 - INFO - iter=  300 | best=6.444395e-08 | t_eval=1.18ms | no_improve=1/30
2026-03-18 11:43:54,824 - SPHERE d=30 seed=42 - V0 - INFO - iter=  310 | best=3.338879e-08 | t_eval=0.82ms | no_improve=0/30
2026-03-18 11:43:54,882 - SPHERE d=30 seed=42 - V0 - INFO - iter=  320 | best=2.080013e-08 | t_eval=0.95ms | no_improve=0/30
2026-03-18 11:43:54,922 - SPHERE d=30 seed=42 - V0 - INFO - iter=  330 | best=9.366168e-09 | t_eval=0.42ms | no_improve=0/30
2026-03-18 11:43:54,959 - SPHERE d=30 seed=42 - V0 - INFO - iter=  340 | best=5.124637e-09 | t_eval=0.39ms | no_improve=0/30
2026-03-18 11:43:54,991 - SPHERE d=30 seed=42 - V0 - INFO - iter=  350 | best=3.119115e-09 | t_eval=0.81ms | no_improve=2/30
2026-03-18 11:43:55,038 - SPHERE d=30 seed=42 - V0 - INFO - iter=  360 | best=1.707453e-09 | t_eval=0.98ms | no_improve=1/30
2026-03-18 11:43:55,088 - SPHERE d=30 seed=42 - V0 - INFO - iter=  370 | best=6.542141e-10 | t_eval=0.92ms | no_improve=3/30
2026-03-18 11:43:55,128 - SPHERE d=30 seed=42 - V0 - INFO - iter=  380 | best=3.791918e-10 | t_eval=0.87ms | no_improve=13/30
2026-03-18 11:43:55,176 - SPHERE d=30 seed=42 - V0 - INFO - iter=  390 | best=1.680375e-10 | t_eval=0.85ms | no_improve=23/30
2026-03-18 11:43:55,219 - SPHERE d=30 seed=42 - V0 - INFO - Early stop at iter=397 (no improvement for 30 iters)
2026-03-18 11:43:55,220 - SPHERE d=30 seed=42 - V0 - INFO - PSO done  | best=1.160325e-10 | iters=398 | total=1.6335s | t_eval=0.2618s (16.0%) | t_update=1.3141s (80.4%)
2026-03-18 11:43:55,229 - SPHERE d=30 seed=42 - V1 - INFO - PSO start | seed=42 w=0.7 c1=1.5 c2=1.5 n_particles=80 max_iters=500
2026-03-18 11:43:55,240 - SPHERE d=30 seed=42 - V1 - INFO - iter=    0 | best=1.450498e+02 | t_eval=11.21ms | no_improve=0/30
2026-03-18 11:43:55,773 - SPHERE d=30 seed=42 - V1 - INFO - iter=   10 | best=1.841137e+01 | t_eval=203.57ms | no_improve=0/30
2026-03-18 11:43:56,041 - SPHERE d=30 seed=42 - V1 - INFO - iter=   20 | best=6.226686e+00 | t_eval=6.89ms | no_improve=0/30
2026-03-18 11:43:56,174 - SPHERE d=30 seed=42 - V1 - INFO - iter=   30 | best=1.915458e+00 | t_eval=6.44ms | no_improve=0/30
2026-03-18 11:43:56,316 - SPHERE d=30 seed=42 - V1 - INFO - iter=   40 | best=9.431497e-01 | t_eval=6.95ms | no_improve=0/30
2026-03-18 11:43:56,442 - SPHERE d=30 seed=42 - V1 - INFO - iter=   50 | best=5.213906e-01 | t_eval=8.11ms | no_improve=1/30
2026-03-18 11:43:56,551 - SPHERE d=30 seed=42 - V1 - INFO - iter=   60 | best=3.879963e-01 | t_eval=9.10ms | no_improve=2/30
2026-03-18 11:43:56,644 - SPHERE d=30 seed=42 - V1 - INFO - iter=   70 | best=1.731007e-01 | t_eval=7.34ms | no_improve=3/30
2026-03-18 11:43:56,720 - SPHERE d=30 seed=42 - V1 - INFO - iter=   80 | best=6.839192e-02 | t_eval=4.10ms | no_improve=0/30
2026-03-18 11:43:56,799 - SPHERE d=30 seed=42 - V1 - INFO - iter=   90 | best=3.833354e-02 | t_eval=5.26ms | no_improve=1/30
2026-03-18 11:43:56,874 - SPHERE d=30 seed=42 - V1 - INFO - iter=  100 | best=2.720339e-02 | t_eval=4.69ms | no_improve=0/30
2026-03-18 11:43:56,953 - SPHERE d=30 seed=42 - V1 - INFO - iter=  110 | best=2.001730e-02 | t_eval=3.77ms | no_improve=3/30
2026-03-18 11:43:57,036 - SPHERE d=30 seed=42 - V1 - INFO - iter=  120 | best=1.594388e-02 | t_eval=8.20ms | no_improve=0/30
2026-03-18 11:43:57,118 - SPHERE d=30 seed=42 - V1 - INFO - iter=  130 | best=1.384994e-02 | t_eval=4.39ms | no_improve=1/30
2026-03-18 11:43:57,222 - SPHERE d=30 seed=42 - V1 - INFO - iter=  140 | best=1.113645e-02 | t_eval=4.04ms | no_improve=0/30
2026-03-18 11:43:57,318 - SPHERE d=30 seed=42 - V1 - INFO - iter=  150 | best=2.530382e-03 | t_eval=3.97ms | no_improve=2/30
2026-03-18 11:43:57,407 - SPHERE d=30 seed=42 - V1 - INFO - iter=  160 | best=8.770749e-04 | t_eval=3.37ms | no_improve=1/30
2026-03-18 11:43:57,492 - SPHERE d=30 seed=42 - V1 - INFO - iter=  170 | best=5.951522e-04 | t_eval=6.12ms | no_improve=0/30
2026-03-18 11:43:57,576 - SPHERE d=30 seed=42 - V1 - INFO - iter=  180 | best=2.829526e-04 | t_eval=5.76ms | no_improve=0/30
2026-03-18 11:43:57,659 - SPHERE d=30 seed=42 - V1 - INFO - iter=  190 | best=1.359007e-04 | t_eval=4.93ms | no_improve=0/30
2026-03-18 11:43:57,734 - SPHERE d=30 seed=42 - V1 - INFO - iter=  200 | best=5.877294e-05 | t_eval=3.75ms | no_improve=0/30
2026-03-18 11:43:57,806 - SPHERE d=30 seed=42 - V1 - INFO - iter=  210 | best=3.262613e-05 | t_eval=3.86ms | no_improve=0/30
2026-03-18 11:43:57,875 - SPHERE d=30 seed=42 - V1 - INFO - iter=  220 | best=2.141873e-05 | t_eval=4.08ms | no_improve=1/30
2026-03-18 11:43:57,953 - SPHERE d=30 seed=42 - V1 - INFO - iter=  230 | best=9.469503e-06 | t_eval=3.28ms | no_improve=0/30
2026-03-18 11:43:58,023 - SPHERE d=30 seed=42 - V1 - INFO - iter=  240 | best=4.098825e-06 | t_eval=3.25ms | no_improve=0/30
2026-03-18 11:43:58,105 - SPHERE d=30 seed=42 - V1 - INFO - iter=  250 | best=2.175179e-06 | t_eval=4.56ms | no_improve=0/30
2026-03-18 11:43:58,213 - SPHERE d=30 seed=42 - V1 - INFO - iter=  260 | best=1.112139e-06 | t_eval=29.54ms | no_improve=0/30
2026-03-18 11:43:58,299 - SPHERE d=30 seed=42 - V1 - INFO - iter=  270 | best=4.722310e-07 | t_eval=6.94ms | no_improve=1/30
2026-03-18 11:43:58,396 - SPHERE d=30 seed=42 - V1 - INFO - iter=  280 | best=2.631876e-07 | t_eval=7.08ms | no_improve=0/30
2026-03-18 11:43:58,521 - SPHERE d=30 seed=42 - V1 - INFO - iter=  290 | best=1.025898e-07 | t_eval=9.74ms | no_improve=0/30
2026-03-18 11:43:58,735 - SPHERE d=30 seed=42 - V1 - INFO - iter=  300 | best=6.444395e-08 | t_eval=11.45ms | no_improve=1/30
2026-03-18 11:43:58,866 - SPHERE d=30 seed=42 - V1 - INFO - iter=  310 | best=3.338879e-08 | t_eval=6.39ms | no_improve=0/30
2026-03-18 11:43:58,982 - SPHERE d=30 seed=42 - V1 - INFO - iter=  320 | best=2.080013e-08 | t_eval=6.29ms | no_improve=0/30
2026-03-18 11:43:59,088 - SPHERE d=30 seed=42 - V1 - INFO - iter=  330 | best=9.366168e-09 | t_eval=6.44ms | no_improve=0/30
2026-03-18 11:43:59,211 - SPHERE d=30 seed=42 - V1 - INFO - iter=  340 | best=5.124637e-09 | t_eval=7.14ms | no_improve=0/30
2026-03-18 11:43:59,336 - SPHERE d=30 seed=42 - V1 - INFO - iter=  350 | best=3.119115e-09 | t_eval=5.42ms | no_improve=2/30
2026-03-18 11:43:59,462 - SPHERE d=30 seed=42 - V1 - INFO - iter=  360 | best=1.707453e-09 | t_eval=8.45ms | no_improve=1/30
2026-03-18 11:43:59,563 - SPHERE d=30 seed=42 - V1 - INFO - iter=  370 | best=6.542141e-10 | t_eval=6.65ms | no_improve=3/30
2026-03-18 11:43:59,671 - SPHERE d=30 seed=42 - V1 - INFO - iter=  380 | best=3.791918e-10 | t_eval=4.67ms | no_improve=13/30
2026-03-18 11:43:59,770 - SPHERE d=30 seed=42 - V1 - INFO - iter=  390 | best=1.680375e-10 | t_eval=5.03ms | no_improve=23/30
2026-03-18 11:43:59,833 - SPHERE d=30 seed=42 - V1 - INFO - Early stop at iter=397 (no improvement for 30 iters)
2026-03-18 11:43:59,834 - SPHERE d=30 seed=42 - V1 - INFO - PSO done  | best=1.160325e-10 | iters=398 | total=4.6052s | t_eval=2.9611s (64.3%) | t_update=1.5223s (33.1%)
2026-03-18 11:44:01,330 - SPHERE d=30 seed=42 - RUN - INFO - V0  fit=1.160325e-10 iters=398 time=1.6335s eval=16.0% update=80.4%
2026-03-18 11:44:01,330 - SPHERE d=30 seed=42 - RUN - INFO - V1  fit=1.160325e-10 iters=398 time=4.6052s eval=64.3% update=33.1% speedup=0.355x
2026-03-18 11:44:01,330 - SPHERE d=30 seed=42 - RUN - INFO - PySwarm fit=1.032843e-06 time=1.4955s
2026-03-18 11:44:01,331 - SPHERE d=30 seed=42 - RUN - INFO - Winner: V0 Sequential
2026-03-18 11:44:02,178 - ACKLEY d=2 seed=42 - RUN - INFO - Hyperparams: source=fixed_config w=0.7 c1=1.5 c2=1.5 n=80
2026-03-18 11:44:02,182 - ACKLEY d=2 seed=42 - V0 - INFO - PSO start | seed=42 w=0.7 c1=1.5 c2=1.5 n_particles=80 max_iters=500
2026-03-18 11:44:02,184 - ACKLEY d=2 seed=42 - V0 - INFO - iter=    0 | best=1.052670e+00 | t_eval=1.45ms | no_improve=0/30
2026-03-18 11:44:02,228 - ACKLEY d=2 seed=42 - V0 - INFO - iter=   10 | best=5.640243e-02 | t_eval=1.61ms | no_improve=2/30
2026-03-18 11:44:02,270 - ACKLEY d=2 seed=42 - V0 - INFO - iter=   20 | best=3.473752e-02 | t_eval=1.25ms | no_improve=3/30
2026-03-18 11:44:02,324 - ACKLEY d=2 seed=42 - V0 - INFO - iter=   30 | best=4.072798e-03 | t_eval=2.26ms | no_improve=2/30
2026-03-18 11:44:02,380 - ACKLEY d=2 seed=42 - V0 - INFO - iter=   40 | best=1.055405e-03 | t_eval=2.96ms | no_improve=1/30
2026-03-18 11:44:02,435 - ACKLEY d=2 seed=42 - V0 - INFO - iter=   50 | best=5.472270e-04 | t_eval=3.16ms | no_improve=2/30
2026-03-18 11:44:02,507 - ACKLEY d=2 seed=42 - V0 - INFO - iter=   60 | best=7.518438e-05 | t_eval=1.40ms | no_improve=0/30
2026-03-18 11:44:02,557 - ACKLEY d=2 seed=42 - V0 - INFO - iter=   70 | best=2.139220e-05 | t_eval=1.48ms | no_improve=5/30
2026-03-18 11:44:02,611 - ACKLEY d=2 seed=42 - V0 - INFO - iter=   80 | best=4.132188e-06 | t_eval=2.20ms | no_improve=0/30
2026-03-18 11:44:02,657 - ACKLEY d=2 seed=42 - V0 - INFO - iter=   90 | best=1.612125e-06 | t_eval=1.34ms | no_improve=3/30
2026-03-18 11:44:02,702 - ACKLEY d=2 seed=42 - V0 - INFO - iter=  100 | best=6.861417e-07 | t_eval=1.83ms | no_improve=6/30
2026-03-18 11:44:02,746 - ACKLEY d=2 seed=42 - V0 - INFO - iter=  110 | best=1.373174e-07 | t_eval=2.82ms | no_improve=4/30
2026-03-18 11:44:02,789 - ACKLEY d=2 seed=42 - V0 - INFO - iter=  120 | best=3.470931e-08 | t_eval=2.42ms | no_improve=0/30
2026-03-18 11:44:02,859 - ACKLEY d=2 seed=42 - V0 - INFO - iter=  130 | best=1.192657e-08 | t_eval=1.65ms | no_improve=8/30
2026-03-18 11:44:02,900 - ACKLEY d=2 seed=42 - V0 - INFO - iter=  140 | best=2.300226e-09 | t_eval=1.28ms | no_improve=7/30
2026-03-18 11:44:02,948 - ACKLEY d=2 seed=42 - V0 - INFO - iter=  150 | best=5.031144e-10 | t_eval=1.44ms | no_improve=2/30
2026-03-18 11:44:03,005 - ACKLEY d=2 seed=42 - V0 - INFO - iter=  160 | best=3.938152e-10 | t_eval=2.99ms | no_improve=2/30
2026-03-18 11:44:03,061 - ACKLEY d=2 seed=42 - V0 - INFO - iter=  170 | best=5.076517e-11 | t_eval=2.21ms | no_improve=7/30
2026-03-18 11:44:03,126 - ACKLEY d=2 seed=42 - V0 - INFO - iter=  180 | best=2.821299e-12 | t_eval=3.74ms | no_improve=17/30
2026-03-18 11:44:03,177 - ACKLEY d=2 seed=42 - V0 - INFO - iter=  190 | best=2.821299e-12 | t_eval=2.75ms | no_improve=27/30
2026-03-18 11:44:03,199 - ACKLEY d=2 seed=42 - V0 - INFO - Early stop at iter=193 (no improvement for 30 iters)
2026-03-18 11:44:03,200 - ACKLEY d=2 seed=42 - V0 - INFO - PSO done  | best=4.480860e-13 | iters=194 | total=1.0176s | t_eval=0.3922s (38.5%) | t_update=0.5890s (57.9%)
2026-03-18 11:44:03,204 - ACKLEY d=2 seed=42 - V1 - INFO - PSO start | seed=42 w=0.7 c1=1.5 c2=1.5 n_particles=80 max_iters=500
2026-03-18 11:44:03,209 - ACKLEY d=2 seed=42 - V1 - INFO - iter=    0 | best=1.052670e+00 | t_eval=5.41ms | no_improve=0/30
2026-03-18 11:44:03,309 - ACKLEY d=2 seed=42 - V1 - INFO - iter=   10 | best=5.640243e-02 | t_eval=5.64ms | no_improve=2/30
2026-03-18 11:44:03,407 - ACKLEY d=2 seed=42 - V1 - INFO - iter=   20 | best=3.473752e-02 | t_eval=6.15ms | no_improve=3/30
2026-03-18 11:44:03,645 - ACKLEY d=2 seed=42 - V1 - INFO - iter=   30 | best=4.072798e-03 | t_eval=13.07ms | no_improve=2/30
2026-03-18 11:44:03,824 - ACKLEY d=2 seed=42 - V1 - INFO - iter=   40 | best=1.055405e-03 | t_eval=7.99ms | no_improve=1/30
2026-03-18 11:44:03,951 - ACKLEY d=2 seed=42 - V1 - INFO - iter=   50 | best=5.472270e-04 | t_eval=6.64ms | no_improve=2/30
2026-03-18 11:44:04,084 - ACKLEY d=2 seed=42 - V1 - INFO - iter=   60 | best=7.518438e-05 | t_eval=8.87ms | no_improve=0/30
2026-03-18 11:44:04,218 - ACKLEY d=2 seed=42 - V1 - INFO - iter=   70 | best=2.139220e-05 | t_eval=6.15ms | no_improve=5/30
2026-03-18 11:44:04,348 - ACKLEY d=2 seed=42 - V1 - INFO - iter=   80 | best=4.132188e-06 | t_eval=12.44ms | no_improve=0/30
2026-03-18 11:44:04,492 - ACKLEY d=2 seed=42 - V1 - INFO - iter=   90 | best=1.612125e-06 | t_eval=11.89ms | no_improve=3/30
2026-03-18 11:44:04,635 - ACKLEY d=2 seed=42 - V1 - INFO - iter=  100 | best=6.861417e-07 | t_eval=10.50ms | no_improve=6/30
2026-03-18 11:44:04,817 - ACKLEY d=2 seed=42 - V1 - INFO - iter=  110 | best=1.373174e-07 | t_eval=14.50ms | no_improve=4/30
2026-03-18 11:44:05,067 - ACKLEY d=2 seed=42 - V1 - INFO - iter=  120 | best=3.470931e-08 | t_eval=7.87ms | no_improve=0/30
2026-03-18 11:44:05,324 - ACKLEY d=2 seed=42 - V1 - INFO - iter=  130 | best=1.192657e-08 | t_eval=10.94ms | no_improve=8/30
2026-03-18 11:44:05,549 - ACKLEY d=2 seed=42 - V1 - INFO - iter=  140 | best=2.300226e-09 | t_eval=15.27ms | no_improve=7/30
2026-03-18 11:44:05,722 - ACKLEY d=2 seed=42 - V1 - INFO - iter=  150 | best=5.031144e-10 | t_eval=9.11ms | no_improve=2/30
2026-03-18 11:44:05,864 - ACKLEY d=2 seed=42 - V1 - INFO - iter=  160 | best=3.938152e-10 | t_eval=5.98ms | no_improve=2/30
2026-03-18 11:44:06,003 - ACKLEY d=2 seed=42 - V1 - INFO - iter=  170 | best=5.076517e-11 | t_eval=11.75ms | no_improve=7/30
2026-03-18 11:44:06,160 - ACKLEY d=2 seed=42 - V1 - INFO - iter=  180 | best=2.821299e-12 | t_eval=10.06ms | no_improve=17/30
2026-03-18 11:44:06,426 - ACKLEY d=2 seed=42 - V1 - INFO - iter=  190 | best=2.821299e-12 | t_eval=9.72ms | no_improve=27/30
2026-03-18 11:44:06,482 - ACKLEY d=2 seed=42 - V1 - INFO - Early stop at iter=193 (no improvement for 30 iters)
2026-03-18 11:44:06,482 - ACKLEY d=2 seed=42 - V1 - INFO - PSO done  | best=4.480860e-13 | iters=194 | total=3.2788s | t_eval=2.3108s (70.5%) | t_update=0.9317s (28.4%)
2026-03-18 11:44:07,710 - ACKLEY d=2 seed=42 - RUN - INFO - V0  fit=4.480860e-13 iters=194 time=1.0176s eval=38.5% update=57.9%
2026-03-18 11:44:07,710 - ACKLEY d=2 seed=42 - RUN - INFO - V1  fit=4.480860e-13 iters=194 time=3.2788s eval=70.5% update=28.4% speedup=0.310x
2026-03-18 11:44:07,710 - ACKLEY d=2 seed=42 - RUN - INFO - PySwarm fit=1.562864e-08 time=1.2266s
2026-03-18 11:44:07,710 - ACKLEY d=2 seed=42 - RUN - INFO - Winner: V0 Sequential
2026-03-18 11:44:08,454 - ACKLEY d=10 seed=42 - RUN - INFO - Hyperparams: source=fixed_config w=0.7 c1=1.5 c2=1.5 n=80
2026-03-18 11:44:08,459 - ACKLEY d=10 seed=42 - V0 - INFO - PSO start | seed=42 w=0.7 c1=1.5 c2=1.5 n_particles=80 max_iters=500
2026-03-18 11:44:08,462 - ACKLEY d=10 seed=42 - V0 - INFO - iter=    0 | best=8.390830e+00 | t_eval=1.72ms | no_improve=0/30
2026-03-18 11:44:08,523 - ACKLEY d=10 seed=42 - V0 - INFO - iter=   10 | best=3.299321e+00 | t_eval=2.99ms | no_improve=1/30
2026-03-18 11:44:08,593 - ACKLEY d=10 seed=42 - V0 - INFO - iter=   20 | best=1.647337e+00 | t_eval=6.25ms | no_improve=2/30
2026-03-18 11:44:08,663 - ACKLEY d=10 seed=42 - V0 - INFO - iter=   30 | best=5.407031e-01 | t_eval=1.47ms | no_improve=0/30
2026-03-18 11:44:08,741 - ACKLEY d=10 seed=42 - V0 - INFO - iter=   40 | best=1.285823e-01 | t_eval=3.28ms | no_improve=0/30
2026-03-18 11:44:08,823 - ACKLEY d=10 seed=42 - V0 - INFO - iter=   50 | best=5.713864e-02 | t_eval=2.22ms | no_improve=1/30
2026-03-18 11:44:08,907 - ACKLEY d=10 seed=42 - V0 - INFO - iter=   60 | best=3.832040e-02 | t_eval=2.24ms | no_improve=0/30
2026-03-18 11:44:08,966 - ACKLEY d=10 seed=42 - V0 - INFO - iter=   70 | best=1.920228e-02 | t_eval=1.43ms | no_improve=0/30
2026-03-18 11:44:09,026 - ACKLEY d=10 seed=42 - V0 - INFO - iter=   80 | best=9.274508e-03 | t_eval=1.60ms | no_improve=0/30
2026-03-18 11:44:09,074 - ACKLEY d=10 seed=42 - V0 - INFO - iter=   90 | best=3.183817e-03 | t_eval=1.44ms | no_improve=0/30
2026-03-18 11:44:09,121 - ACKLEY d=10 seed=42 - V0 - INFO - iter=  100 | best=1.705394e-03 | t_eval=2.10ms | no_improve=1/30
2026-03-18 11:44:09,184 - ACKLEY d=10 seed=42 - V0 - INFO - iter=  110 | best=9.146157e-04 | t_eval=3.67ms | no_improve=1/30
2026-03-18 11:44:09,249 - ACKLEY d=10 seed=42 - V0 - INFO - iter=  120 | best=3.565945e-04 | t_eval=3.25ms | no_improve=1/30
2026-03-18 11:44:09,312 - ACKLEY d=10 seed=42 - V0 - INFO - iter=  130 | best=2.219856e-04 | t_eval=1.70ms | no_improve=2/30
2026-03-18 11:44:09,413 - ACKLEY d=10 seed=42 - V0 - INFO - iter=  140 | best=7.443671e-05 | t_eval=2.43ms | no_improve=3/30
2026-03-18 11:44:09,575 - ACKLEY d=10 seed=42 - V0 - INFO - iter=  150 | best=3.131723e-05 | t_eval=6.95ms | no_improve=3/30
2026-03-18 11:44:09,762 - ACKLEY d=10 seed=42 - V0 - INFO - iter=  160 | best=1.487734e-05 | t_eval=4.14ms | no_improve=0/30
2026-03-18 11:44:09,951 - ACKLEY d=10 seed=42 - V0 - INFO - iter=  170 | best=7.288745e-06 | t_eval=8.91ms | no_improve=1/30
2026-03-18 11:44:10,048 - ACKLEY d=10 seed=42 - V0 - INFO - iter=  180 | best=3.348392e-06 | t_eval=4.01ms | no_improve=0/30
2026-03-18 11:44:10,103 - ACKLEY d=10 seed=42 - V0 - INFO - iter=  190 | best=1.225679e-06 | t_eval=1.50ms | no_improve=0/30
2026-03-18 11:44:10,160 - ACKLEY d=10 seed=42 - V0 - INFO - iter=  200 | best=9.975855e-07 | t_eval=1.47ms | no_improve=1/30
2026-03-18 11:44:10,209 - ACKLEY d=10 seed=42 - V0 - INFO - iter=  210 | best=4.803510e-07 | t_eval=1.42ms | no_improve=0/30
2026-03-18 11:44:10,259 - ACKLEY d=10 seed=42 - V0 - INFO - iter=  220 | best=2.415720e-07 | t_eval=1.78ms | no_improve=0/30
2026-03-18 11:44:10,306 - ACKLEY d=10 seed=42 - V0 - INFO - iter=  230 | best=1.049156e-07 | t_eval=1.74ms | no_improve=0/30
2026-03-18 11:44:10,353 - ACKLEY d=10 seed=42 - V0 - INFO - iter=  240 | best=5.168045e-08 | t_eval=1.57ms | no_improve=0/30
2026-03-18 11:44:10,400 - ACKLEY d=10 seed=42 - V0 - INFO - iter=  250 | best=1.409814e-08 | t_eval=1.59ms | no_improve=0/30
2026-03-18 11:44:10,444 - ACKLEY d=10 seed=42 - V0 - INFO - iter=  260 | best=9.153919e-09 | t_eval=2.89ms | no_improve=2/30
2026-03-18 11:44:10,499 - ACKLEY d=10 seed=42 - V0 - INFO - iter=  270 | best=3.955553e-09 | t_eval=1.75ms | no_improve=6/30
2026-03-18 11:44:10,549 - ACKLEY d=10 seed=42 - V0 - INFO - iter=  280 | best=1.491014e-09 | t_eval=1.47ms | no_improve=6/30
2026-03-18 11:44:10,598 - ACKLEY d=10 seed=42 - V0 - INFO - iter=  290 | best=8.062782e-10 | t_eval=1.34ms | no_improve=3/30
2026-03-18 11:44:10,644 - ACKLEY d=10 seed=42 - V0 - INFO - iter=  300 | best=2.926090e-10 | t_eval=2.83ms | no_improve=8/30
2026-03-18 11:44:10,682 - ACKLEY d=10 seed=42 - V0 - INFO - iter=  310 | best=1.671201e-10 | t_eval=1.37ms | no_improve=18/30
2026-03-18 11:44:10,724 - ACKLEY d=10 seed=42 - V0 - INFO - iter=  320 | best=7.654366e-11 | t_eval=1.78ms | no_improve=28/30
2026-03-18 11:44:10,732 - ACKLEY d=10 seed=42 - V0 - INFO - Early stop at iter=322 (no improvement for 30 iters)
2026-03-18 11:44:10,732 - ACKLEY d=10 seed=42 - V0 - INFO - PSO done  | best=6.027223e-11 | iters=323 | total=2.2729s | t_eval=0.9219s (40.6%) | t_update=1.2915s (56.8%)
2026-03-18 11:44:10,739 - ACKLEY d=10 seed=42 - V1 - INFO - PSO start | seed=42 w=0.7 c1=1.5 c2=1.5 n_particles=80 max_iters=500
2026-03-18 11:44:10,748 - ACKLEY d=10 seed=42 - V1 - INFO - iter=    0 | best=8.390830e+00 | t_eval=8.67ms | no_improve=0/30
2026-03-18 11:44:10,864 - ACKLEY d=10 seed=42 - V1 - INFO - iter=   10 | best=3.299321e+00 | t_eval=5.99ms | no_improve=1/30
2026-03-18 11:44:10,986 - ACKLEY d=10 seed=42 - V1 - INFO - iter=   20 | best=1.647337e+00 | t_eval=15.22ms | no_improve=2/30
2026-03-18 11:44:11,124 - ACKLEY d=10 seed=42 - V1 - INFO - iter=   30 | best=5.407031e-01 | t_eval=6.54ms | no_improve=0/30
2026-03-18 11:44:11,410 - ACKLEY d=10 seed=42 - V1 - INFO - iter=   40 | best=1.285823e-01 | t_eval=17.06ms | no_improve=0/30
2026-03-18 11:44:11,557 - ACKLEY d=10 seed=42 - V1 - INFO - iter=   50 | best=5.713864e-02 | t_eval=10.43ms | no_improve=1/30
2026-03-18 11:44:11,779 - ACKLEY d=10 seed=42 - V1 - INFO - iter=   60 | best=3.832040e-02 | t_eval=12.31ms | no_improve=0/30
2026-03-18 11:44:11,925 - ACKLEY d=10 seed=42 - V1 - INFO - iter=   70 | best=1.920228e-02 | t_eval=11.69ms | no_improve=0/30
2026-03-18 11:44:12,121 - ACKLEY d=10 seed=42 - V1 - INFO - iter=   80 | best=9.274508e-03 | t_eval=9.35ms | no_improve=0/30
2026-03-18 11:44:12,471 - ACKLEY d=10 seed=42 - V1 - INFO - iter=   90 | best=3.183817e-03 | t_eval=9.47ms | no_improve=0/30
2026-03-18 11:44:12,744 - ACKLEY d=10 seed=42 - V1 - INFO - iter=  100 | best=1.705394e-03 | t_eval=9.20ms | no_improve=1/30
2026-03-18 11:44:12,887 - ACKLEY d=10 seed=42 - V1 - INFO - iter=  110 | best=9.146157e-04 | t_eval=7.35ms | no_improve=1/30
2026-03-18 11:44:13,009 - ACKLEY d=10 seed=42 - V1 - INFO - iter=  120 | best=3.565945e-04 | t_eval=8.47ms | no_improve=1/30
2026-03-18 11:44:13,124 - ACKLEY d=10 seed=42 - V1 - INFO - iter=  130 | best=2.219856e-04 | t_eval=11.86ms | no_improve=2/30
2026-03-18 11:44:13,249 - ACKLEY d=10 seed=42 - V1 - INFO - iter=  140 | best=7.443671e-05 | t_eval=10.02ms | no_improve=3/30
2026-03-18 11:44:13,379 - ACKLEY d=10 seed=42 - V1 - INFO - iter=  150 | best=3.131723e-05 | t_eval=8.73ms | no_improve=3/30
2026-03-18 11:44:13,504 - ACKLEY d=10 seed=42 - V1 - INFO - iter=  160 | best=1.487734e-05 | t_eval=9.31ms | no_improve=0/30
2026-03-18 11:44:13,649 - ACKLEY d=10 seed=42 - V1 - INFO - iter=  170 | best=7.288745e-06 | t_eval=9.50ms | no_improve=1/30
2026-03-18 11:44:13,789 - ACKLEY d=10 seed=42 - V1 - INFO - iter=  180 | best=3.348392e-06 | t_eval=9.85ms | no_improve=0/30
2026-03-18 11:44:13,908 - ACKLEY d=10 seed=42 - V1 - INFO - iter=  190 | best=1.225679e-06 | t_eval=6.29ms | no_improve=0/30
2026-03-18 11:44:14,032 - ACKLEY d=10 seed=42 - V1 - INFO - iter=  200 | best=9.975855e-07 | t_eval=6.37ms | no_improve=1/30
2026-03-18 11:44:14,113 - ACKLEY d=10 seed=42 - V1 - INFO - iter=  210 | best=4.803510e-07 | t_eval=4.57ms | no_improve=0/30
2026-03-18 11:44:14,188 - ACKLEY d=10 seed=42 - V1 - INFO - iter=  220 | best=2.415720e-07 | t_eval=6.08ms | no_improve=0/30
2026-03-18 11:44:14,262 - ACKLEY d=10 seed=42 - V1 - INFO - iter=  230 | best=1.049156e-07 | t_eval=4.74ms | no_improve=0/30
2026-03-18 11:44:14,335 - ACKLEY d=10 seed=42 - V1 - INFO - iter=  240 | best=5.168045e-08 | t_eval=4.98ms | no_improve=0/30
2026-03-18 11:44:14,409 - ACKLEY d=10 seed=42 - V1 - INFO - iter=  250 | best=1.409814e-08 | t_eval=4.18ms | no_improve=0/30
2026-03-18 11:44:14,495 - ACKLEY d=10 seed=42 - V1 - INFO - iter=  260 | best=9.153919e-09 | t_eval=7.88ms | no_improve=2/30
2026-03-18 11:44:14,594 - ACKLEY d=10 seed=42 - V1 - INFO - iter=  270 | best=3.955553e-09 | t_eval=6.94ms | no_improve=6/30
2026-03-18 11:44:14,676 - ACKLEY d=10 seed=42 - V1 - INFO - iter=  280 | best=1.491014e-09 | t_eval=6.05ms | no_improve=6/30
2026-03-18 11:44:14,762 - ACKLEY d=10 seed=42 - V1 - INFO - iter=  290 | best=8.062782e-10 | t_eval=4.66ms | no_improve=3/30
2026-03-18 11:44:14,839 - ACKLEY d=10 seed=42 - V1 - INFO - iter=  300 | best=2.926090e-10 | t_eval=6.98ms | no_improve=8/30
2026-03-18 11:44:14,913 - ACKLEY d=10 seed=42 - V1 - INFO - iter=  310 | best=1.671201e-10 | t_eval=4.49ms | no_improve=18/30
2026-03-18 11:44:15,001 - ACKLEY d=10 seed=42 - V1 - INFO - iter=  320 | best=7.654366e-11 | t_eval=6.16ms | no_improve=28/30
2026-03-18 11:44:15,015 - ACKLEY d=10 seed=42 - V1 - INFO - Early stop at iter=322 (no improvement for 30 iters)
2026-03-18 11:44:15,015 - ACKLEY d=10 seed=42 - V1 - INFO - PSO done  | best=6.027223e-11 | iters=323 | total=4.2767s | t_eval=3.0856s (72.1%) | t_update=1.1362s (26.6%)
2026-03-18 11:44:15,774 - ACKLEY d=10 seed=42 - RUN - INFO - V0  fit=6.027223e-11 iters=323 time=2.2729s eval=40.6% update=56.8%
2026-03-18 11:44:15,774 - ACKLEY d=10 seed=42 - RUN - INFO - V1  fit=6.027223e-11 iters=323 time=4.2767s eval=72.1% update=26.6% speedup=0.531x
2026-03-18 11:44:15,774 - ACKLEY d=10 seed=42 - RUN - INFO - PySwarm fit=1.689821e-06 time=0.7577s
2026-03-18 11:44:15,775 - ACKLEY d=10 seed=42 - RUN - INFO - Winner: V0 Sequential
2026-03-18 11:44:16,331 - ACKLEY d=30 seed=42 - RUN - INFO - Hyperparams: source=fixed_config w=0.7 c1=1.5 c2=1.5 n=80
2026-03-18 11:44:16,338 - ACKLEY d=30 seed=42 - V0 - INFO - PSO start | seed=42 w=0.7 c1=1.5 c2=1.5 n_particles=80 max_iters=500
2026-03-18 11:44:16,342 - ACKLEY d=30 seed=42 - V0 - INFO - iter=    0 | best=8.689337e+00 | t_eval=3.27ms | no_improve=0/30
2026-03-18 11:44:16,394 - ACKLEY d=30 seed=42 - V0 - INFO - iter=   10 | best=4.546998e+00 | t_eval=2.81ms | no_improve=0/30
2026-03-18 11:44:16,445 - ACKLEY d=30 seed=42 - V0 - INFO - iter=   20 | best=3.407150e+00 | t_eval=3.35ms | no_improve=0/30
2026-03-18 11:44:16,498 - ACKLEY d=30 seed=42 - V0 - INFO - iter=   30 | best=3.005084e+00 | t_eval=1.53ms | no_improve=0/30
2026-03-18 11:44:16,551 - ACKLEY d=30 seed=42 - V0 - INFO - iter=   40 | best=2.421584e+00 | t_eval=2.28ms | no_improve=0/30
2026-03-18 11:44:16,605 - ACKLEY d=30 seed=42 - V0 - INFO - iter=   50 | best=2.028787e+00 | t_eval=1.52ms | no_improve=1/30
2026-03-18 11:44:16,656 - ACKLEY d=30 seed=42 - V0 - INFO - iter=   60 | best=1.679939e+00 | t_eval=1.41ms | no_improve=1/30
2026-03-18 11:44:16,710 - ACKLEY d=30 seed=42 - V0 - INFO - iter=   70 | best=1.475371e+00 | t_eval=1.32ms | no_improve=0/30
2026-03-18 11:44:16,765 - ACKLEY d=30 seed=42 - V0 - INFO - iter=   80 | best=1.309059e+00 | t_eval=1.48ms | no_improve=4/30
2026-03-18 11:44:16,808 - ACKLEY d=30 seed=42 - V0 - INFO - iter=   90 | best=1.227951e+00 | t_eval=1.38ms | no_improve=0/30
2026-03-18 11:44:16,854 - ACKLEY d=30 seed=42 - V0 - INFO - iter=  100 | best=1.200069e+00 | t_eval=1.63ms | no_improve=0/30
2026-03-18 11:44:16,900 - ACKLEY d=30 seed=42 - V0 - INFO - iter=  110 | best=9.980819e-01 | t_eval=1.30ms | no_improve=0/30
2026-03-18 11:44:16,945 - ACKLEY d=30 seed=42 - V0 - INFO - iter=  120 | best=9.684106e-01 | t_eval=3.52ms | no_improve=0/30
2026-03-18 11:44:17,026 - ACKLEY d=30 seed=42 - V0 - INFO - iter=  130 | best=9.592158e-01 | t_eval=3.11ms | no_improve=0/30
2026-03-18 11:44:17,089 - ACKLEY d=30 seed=42 - V0 - INFO - iter=  140 | best=9.483758e-01 | t_eval=3.15ms | no_improve=0/30
2026-03-18 11:44:17,154 - ACKLEY d=30 seed=42 - V0 - INFO - iter=  150 | best=9.384039e-01 | t_eval=2.22ms | no_improve=0/30
2026-03-18 11:44:17,215 - ACKLEY d=30 seed=42 - V0 - INFO - iter=  160 | best=9.345125e-01 | t_eval=1.75ms | no_improve=0/30
2026-03-18 11:44:17,296 - ACKLEY d=30 seed=42 - V0 - INFO - iter=  170 | best=9.324212e-01 | t_eval=3.42ms | no_improve=0/30
2026-03-18 11:44:17,363 - ACKLEY d=30 seed=42 - V0 - INFO - iter=  180 | best=9.317937e-01 | t_eval=4.09ms | no_improve=1/30
2026-03-18 11:44:17,470 - ACKLEY d=30 seed=42 - V0 - INFO - iter=  190 | best=9.315012e-01 | t_eval=2.37ms | no_improve=0/30
2026-03-18 11:44:17,584 - ACKLEY d=30 seed=42 - V0 - INFO - iter=  200 | best=9.314244e-01 | t_eval=3.41ms | no_improve=0/30
2026-03-18 11:44:17,655 - ACKLEY d=30 seed=42 - V0 - INFO - iter=  210 | best=9.313792e-01 | t_eval=2.08ms | no_improve=0/30
2026-03-18 11:44:17,720 - ACKLEY d=30 seed=42 - V0 - INFO - iter=  220 | best=9.313479e-01 | t_eval=2.00ms | no_improve=0/30
2026-03-18 11:44:17,798 - ACKLEY d=30 seed=42 - V0 - INFO - iter=  230 | best=9.313218e-01 | t_eval=2.16ms | no_improve=0/30
2026-03-18 11:44:17,869 - ACKLEY d=30 seed=42 - V0 - INFO - iter=  240 | best=9.313170e-01 | t_eval=4.75ms | no_improve=1/30
2026-03-18 11:44:17,946 - ACKLEY d=30 seed=42 - V0 - INFO - iter=  250 | best=9.313085e-01 | t_eval=3.52ms | no_improve=0/30
2026-03-18 11:44:18,021 - ACKLEY d=30 seed=42 - V0 - INFO - iter=  260 | best=9.313065e-01 | t_eval=1.80ms | no_improve=1/30
2026-03-18 11:44:18,121 - ACKLEY d=30 seed=42 - V0 - INFO - iter=  270 | best=9.313058e-01 | t_eval=2.97ms | no_improve=0/30
2026-03-18 11:44:18,193 - ACKLEY d=30 seed=42 - V0 - INFO - iter=  280 | best=9.313053e-01 | t_eval=3.07ms | no_improve=0/30
2026-03-18 11:44:18,262 - ACKLEY d=30 seed=42 - V0 - INFO - iter=  290 | best=9.313050e-01 | t_eval=2.52ms | no_improve=0/30
2026-03-18 11:44:18,342 - ACKLEY d=30 seed=42 - V0 - INFO - iter=  300 | best=9.313048e-01 | t_eval=3.44ms | no_improve=1/30
2026-03-18 11:44:18,425 - ACKLEY d=30 seed=42 - V0 - INFO - iter=  310 | best=9.313047e-01 | t_eval=3.24ms | no_improve=0/30
2026-03-18 11:44:18,562 - ACKLEY d=30 seed=42 - V0 - INFO - iter=  320 | best=9.313046e-01 | t_eval=4.31ms | no_improve=1/30
2026-03-18 11:44:18,837 - ACKLEY d=30 seed=42 - V0 - INFO - iter=  330 | best=9.313046e-01 | t_eval=3.89ms | no_improve=0/30
2026-03-18 11:44:19,015 - ACKLEY d=30 seed=42 - V0 - INFO - iter=  340 | best=9.313046e-01 | t_eval=5.93ms | no_improve=0/30
2026-03-18 11:44:19,153 - ACKLEY d=30 seed=42 - V0 - INFO - iter=  350 | best=9.313046e-01 | t_eval=2.16ms | no_improve=0/30
2026-03-18 11:44:19,257 - ACKLEY d=30 seed=42 - V0 - INFO - iter=  360 | best=9.313046e-01 | t_eval=3.49ms | no_improve=1/30
2026-03-18 11:44:19,401 - ACKLEY d=30 seed=42 - V0 - INFO - iter=  370 | best=9.313046e-01 | t_eval=2.78ms | no_improve=4/30
2026-03-18 11:44:19,516 - ACKLEY d=30 seed=42 - V0 - INFO - iter=  380 | best=9.313046e-01 | t_eval=2.76ms | no_improve=14/30
2026-03-18 11:44:19,598 - ACKLEY d=30 seed=42 - V0 - INFO - iter=  390 | best=9.313046e-01 | t_eval=2.48ms | no_improve=24/30
2026-03-18 11:44:19,636 - ACKLEY d=30 seed=42 - V0 - INFO - Early stop at iter=396 (no improvement for 30 iters)
2026-03-18 11:44:19,637 - ACKLEY d=30 seed=42 - V0 - INFO - PSO done  | best=9.313046e-01 | iters=397 | total=3.2991s | t_eval=1.3145s (39.8%) | t_update=1.9033s (57.7%)
2026-03-18 11:44:19,649 - ACKLEY d=30 seed=42 - V1 - INFO - PSO start | seed=42 w=0.7 c1=1.5 c2=1.5 n_particles=80 max_iters=500
2026-03-18 11:44:19,656 - ACKLEY d=30 seed=42 - V1 - INFO - iter=    0 | best=8.689337e+00 | t_eval=5.86ms | no_improve=0/30
2026-03-18 11:44:19,778 - ACKLEY d=30 seed=42 - V1 - INFO - iter=   10 | best=4.546998e+00 | t_eval=8.43ms | no_improve=0/30
2026-03-18 11:44:19,956 - ACKLEY d=30 seed=42 - V1 - INFO - iter=   20 | best=3.407150e+00 | t_eval=33.70ms | no_improve=0/30
2026-03-18 11:44:20,115 - ACKLEY d=30 seed=42 - V1 - INFO - iter=   30 | best=3.005084e+00 | t_eval=11.03ms | no_improve=0/30
2026-03-18 11:44:20,252 - ACKLEY d=30 seed=42 - V1 - INFO - iter=   40 | best=2.421584e+00 | t_eval=8.70ms | no_improve=0/30
2026-03-18 11:44:20,380 - ACKLEY d=30 seed=42 - V1 - INFO - iter=   50 | best=2.028787e+00 | t_eval=16.61ms | no_improve=1/30
2026-03-18 11:44:20,504 - ACKLEY d=30 seed=42 - V1 - INFO - iter=   60 | best=1.679939e+00 | t_eval=5.72ms | no_improve=1/30
2026-03-18 11:44:20,593 - ACKLEY d=30 seed=42 - V1 - INFO - iter=   70 | best=1.475371e+00 | t_eval=7.70ms | no_improve=0/30
2026-03-18 11:44:20,667 - ACKLEY d=30 seed=42 - V1 - INFO - iter=   80 | best=1.309059e+00 | t_eval=4.33ms | no_improve=4/30
2026-03-18 11:44:20,750 - ACKLEY d=30 seed=42 - V1 - INFO - iter=   90 | best=1.227951e+00 | t_eval=5.23ms | no_improve=0/30
2026-03-18 11:44:20,822 - ACKLEY d=30 seed=42 - V1 - INFO - iter=  100 | best=1.200069e+00 | t_eval=4.84ms | no_improve=0/30
2026-03-18 11:44:20,930 - ACKLEY d=30 seed=42 - V1 - INFO - iter=  110 | best=9.980819e-01 | t_eval=5.33ms | no_improve=0/30
2026-03-18 11:44:21,012 - ACKLEY d=30 seed=42 - V1 - INFO - iter=  120 | best=9.684106e-01 | t_eval=7.10ms | no_improve=0/30
2026-03-18 11:44:21,102 - ACKLEY d=30 seed=42 - V1 - INFO - iter=  130 | best=9.592158e-01 | t_eval=5.46ms | no_improve=0/30
2026-03-18 11:44:21,209 - ACKLEY d=30 seed=42 - V1 - INFO - iter=  140 | best=9.483758e-01 | t_eval=6.48ms | no_improve=0/30
2026-03-18 11:44:21,320 - ACKLEY d=30 seed=42 - V1 - INFO - iter=  150 | best=9.384039e-01 | t_eval=6.56ms | no_improve=0/30
2026-03-18 11:44:21,448 - ACKLEY d=30 seed=42 - V1 - INFO - iter=  160 | best=9.345125e-01 | t_eval=8.55ms | no_improve=0/30
2026-03-18 11:44:21,558 - ACKLEY d=30 seed=42 - V1 - INFO - iter=  170 | best=9.324212e-01 | t_eval=7.02ms | no_improve=0/30
2026-03-18 11:44:21,671 - ACKLEY d=30 seed=42 - V1 - INFO - iter=  180 | best=9.317937e-01 | t_eval=6.91ms | no_improve=1/30
2026-03-18 11:44:21,784 - ACKLEY d=30 seed=42 - V1 - INFO - iter=  190 | best=9.315012e-01 | t_eval=6.41ms | no_improve=0/30
2026-03-18 11:44:21,892 - ACKLEY d=30 seed=42 - V1 - INFO - iter=  200 | best=9.314244e-01 | t_eval=8.91ms | no_improve=0/30
2026-03-18 11:44:22,011 - ACKLEY d=30 seed=42 - V1 - INFO - iter=  210 | best=9.313792e-01 | t_eval=10.58ms | no_improve=0/30
2026-03-18 11:44:22,172 - ACKLEY d=30 seed=42 - V1 - INFO - iter=  220 | best=9.313479e-01 | t_eval=7.97ms | no_improve=0/30
2026-03-18 11:44:22,317 - ACKLEY d=30 seed=42 - V1 - INFO - iter=  230 | best=9.313218e-01 | t_eval=22.89ms | no_improve=0/30
2026-03-18 11:44:22,471 - ACKLEY d=30 seed=42 - V1 - INFO - iter=  240 | best=9.313170e-01 | t_eval=9.06ms | no_improve=1/30
2026-03-18 11:44:22,620 - ACKLEY d=30 seed=42 - V1 - INFO - iter=  250 | best=9.313085e-01 | t_eval=8.85ms | no_improve=0/30
2026-03-18 11:44:22,807 - ACKLEY d=30 seed=42 - V1 - INFO - iter=  260 | best=9.313065e-01 | t_eval=15.33ms | no_improve=1/30
2026-03-18 11:44:22,935 - ACKLEY d=30 seed=42 - V1 - INFO - iter=  270 | best=9.313058e-01 | t_eval=12.59ms | no_improve=0/30
2026-03-18 11:44:23,070 - ACKLEY d=30 seed=42 - V1 - INFO - iter=  280 | best=9.313053e-01 | t_eval=25.00ms | no_improve=0/30
2026-03-18 11:44:23,213 - ACKLEY d=30 seed=42 - V1 - INFO - iter=  290 | best=9.313050e-01 | t_eval=6.25ms | no_improve=0/30
2026-03-18 11:44:23,337 - ACKLEY d=30 seed=42 - V1 - INFO - iter=  300 | best=9.313048e-01 | t_eval=9.58ms | no_improve=1/30
2026-03-18 11:44:23,455 - ACKLEY d=30 seed=42 - V1 - INFO - iter=  310 | best=9.313047e-01 | t_eval=5.86ms | no_improve=0/30
2026-03-18 11:44:23,587 - ACKLEY d=30 seed=42 - V1 - INFO - iter=  320 | best=9.313046e-01 | t_eval=9.86ms | no_improve=1/30
2026-03-18 11:44:23,724 - ACKLEY d=30 seed=42 - V1 - INFO - iter=  330 | best=9.313046e-01 | t_eval=10.49ms | no_improve=0/30
2026-03-18 11:44:23,880 - ACKLEY d=30 seed=42 - V1 - INFO - iter=  340 | best=9.313046e-01 | t_eval=11.16ms | no_improve=0/30
2026-03-18 11:44:24,057 - ACKLEY d=30 seed=42 - V1 - INFO - iter=  350 | best=9.313046e-01 | t_eval=15.58ms | no_improve=0/30
2026-03-18 11:44:24,203 - ACKLEY d=30 seed=42 - V1 - INFO - iter=  360 | best=9.313046e-01 | t_eval=5.97ms | no_improve=1/30
2026-03-18 11:44:24,309 - ACKLEY d=30 seed=42 - V1 - INFO - iter=  370 | best=9.313046e-01 | t_eval=6.56ms | no_improve=4/30
2026-03-18 11:44:24,420 - ACKLEY d=30 seed=42 - V1 - INFO - iter=  380 | best=9.313046e-01 | t_eval=6.64ms | no_improve=14/30
2026-03-18 11:44:24,558 - ACKLEY d=30 seed=42 - V1 - INFO - iter=  390 | best=9.313046e-01 | t_eval=6.69ms | no_improve=24/30
2026-03-18 11:44:24,628 - ACKLEY d=30 seed=42 - V1 - INFO - Early stop at iter=396 (no improvement for 30 iters)
2026-03-18 11:44:24,628 - ACKLEY d=30 seed=42 - V1 - INFO - PSO done  | best=9.313046e-01 | iters=397 | total=4.9788s | t_eval=3.4164s (68.6%) | t_update=1.4928s (30.0%)
2026-03-18 11:44:26,449 - ACKLEY d=30 seed=42 - RUN - INFO - V0  fit=9.313046e-01 iters=397 time=3.2991s eval=39.8% update=57.7%
2026-03-18 11:44:26,449 - ACKLEY d=30 seed=42 - RUN - INFO - V1  fit=9.313046e-01 iters=397 time=4.9788s eval=68.6% update=30.0% speedup=0.663x
2026-03-18 11:44:26,449 - ACKLEY d=30 seed=42 - RUN - INFO - PySwarm fit=7.877508e-06 time=1.8207s
2026-03-18 11:44:26,449 - ACKLEY d=30 seed=42 - RUN - INFO - Winner: PySwarm
2026-03-18 11:44:27,251 - ROSENBROCK d=2 seed=42 - RUN - INFO - Hyperparams: source=fixed_config w=0.7 c1=1.5 c2=1.5 n=80
2026-03-18 11:44:27,261 - ROSENBROCK d=2 seed=42 - V0 - INFO - PSO start | seed=42 w=0.7 c1=1.5 c2=1.5 n_particles=80 max_iters=500
2026-03-18 11:44:27,267 - ROSENBROCK d=2 seed=42 - V0 - INFO - iter=    0 | best=2.510748e+00 | t_eval=5.49ms | no_improve=0/30
2026-03-18 11:44:27,325 - ROSENBROCK d=2 seed=42 - V0 - INFO - iter=   10 | best=8.312964e-03 | t_eval=2.67ms | no_improve=3/30
2026-03-18 11:44:27,368 - ROSENBROCK d=2 seed=42 - V0 - INFO - iter=   20 | best=1.601265e-03 | t_eval=1.12ms | no_improve=3/30
2026-03-18 11:44:27,410 - ROSENBROCK d=2 seed=42 - V0 - INFO - iter=   30 | best=3.645312e-05 | t_eval=1.09ms | no_improve=7/30
2026-03-18 11:44:27,455 - ROSENBROCK d=2 seed=42 - V0 - INFO - iter=   40 | best=9.253296e-06 | t_eval=1.70ms | no_improve=3/30
2026-03-18 11:44:27,511 - ROSENBROCK d=2 seed=42 - V0 - INFO - iter=   50 | best=6.067413e-06 | t_eval=1.43ms | no_improve=0/30
2026-03-18 11:44:27,567 - ROSENBROCK d=2 seed=42 - V0 - INFO - iter=   60 | best=5.802114e-06 | t_eval=1.27ms | no_improve=1/30
2026-03-18 11:44:27,616 - ROSENBROCK d=2 seed=42 - V0 - INFO - iter=   70 | best=2.792288e-06 | t_eval=1.23ms | no_improve=0/30
2026-03-18 11:44:27,670 - ROSENBROCK d=2 seed=42 - V0 - INFO - iter=   80 | best=6.081377e-08 | t_eval=1.25ms | no_improve=4/30
2026-03-18 11:44:27,724 - ROSENBROCK d=2 seed=42 - V0 - INFO - iter=   90 | best=6.081377e-08 | t_eval=3.20ms | no_improve=14/30
2026-03-18 11:44:27,768 - ROSENBROCK d=2 seed=42 - V0 - INFO - iter=  100 | best=3.430049e-08 | t_eval=1.12ms | no_improve=3/30
2026-03-18 11:44:27,813 - ROSENBROCK d=2 seed=42 - V0 - INFO - iter=  110 | best=1.386533e-08 | t_eval=1.11ms | no_improve=0/30
2026-03-18 11:44:27,856 - ROSENBROCK d=2 seed=42 - V0 - INFO - iter=  120 | best=1.229852e-09 | t_eval=1.10ms | no_improve=0/30
2026-03-18 11:44:27,895 - ROSENBROCK d=2 seed=42 - V0 - INFO - iter=  130 | best=1.900489e-10 | t_eval=1.77ms | no_improve=1/30
2026-03-18 11:44:27,935 - ROSENBROCK d=2 seed=42 - V0 - INFO - iter=  140 | best=2.582358e-12 | t_eval=1.79ms | no_improve=7/30
2026-03-18 11:44:27,971 - ROSENBROCK d=2 seed=42 - V0 - INFO - iter=  150 | best=2.582358e-12 | t_eval=1.31ms | no_improve=17/30
2026-03-18 11:44:28,007 - ROSENBROCK d=2 seed=42 - V0 - INFO - iter=  160 | best=2.582358e-12 | t_eval=1.00ms | no_improve=27/30
2026-03-18 11:44:28,016 - ROSENBROCK d=2 seed=42 - V0 - INFO - Early stop at iter=163 (no improvement for 30 iters)
2026-03-18 11:44:28,016 - ROSENBROCK d=2 seed=42 - V0 - INFO - PSO done  | best=2.582358e-12 | iters=164 | total=0.7551s | t_eval=0.2714s (35.9%) | t_update=0.4652s (61.6%)
2026-03-18 11:44:28,020 - ROSENBROCK d=2 seed=42 - V1 - INFO - PSO start | seed=42 w=0.7 c1=1.5 c2=1.5 n_particles=80 max_iters=500
2026-03-18 11:44:28,024 - ROSENBROCK d=2 seed=42 - V1 - INFO - iter=    0 | best=2.510748e+00 | t_eval=4.47ms | no_improve=0/30
2026-03-18 11:44:28,112 - ROSENBROCK d=2 seed=42 - V1 - INFO - iter=   10 | best=8.312964e-03 | t_eval=4.78ms | no_improve=3/30
2026-03-18 11:44:28,201 - ROSENBROCK d=2 seed=42 - V1 - INFO - iter=   20 | best=1.601265e-03 | t_eval=5.63ms | no_improve=3/30
2026-03-18 11:44:28,295 - ROSENBROCK d=2 seed=42 - V1 - INFO - iter=   30 | best=3.645312e-05 | t_eval=7.62ms | no_improve=7/30
2026-03-18 11:44:28,382 - ROSENBROCK d=2 seed=42 - V1 - INFO - iter=   40 | best=9.253296e-06 | t_eval=7.33ms | no_improve=3/30
2026-03-18 11:44:28,517 - ROSENBROCK d=2 seed=42 - V1 - INFO - iter=   50 | best=6.067413e-06 | t_eval=8.43ms | no_improve=0/30
2026-03-18 11:44:28,653 - ROSENBROCK d=2 seed=42 - V1 - INFO - iter=   60 | best=5.802114e-06 | t_eval=5.49ms | no_improve=1/30
2026-03-18 11:44:28,770 - ROSENBROCK d=2 seed=42 - V1 - INFO - iter=   70 | best=2.792288e-06 | t_eval=7.30ms | no_improve=0/30
2026-03-18 11:44:28,882 - ROSENBROCK d=2 seed=42 - V1 - INFO - iter=   80 | best=6.081377e-08 | t_eval=8.96ms | no_improve=4/30
2026-03-18 11:44:29,004 - ROSENBROCK d=2 seed=42 - V1 - INFO - iter=   90 | best=6.081377e-08 | t_eval=8.33ms | no_improve=14/30
2026-03-18 11:44:29,142 - ROSENBROCK d=2 seed=42 - V1 - INFO - iter=  100 | best=3.430049e-08 | t_eval=13.29ms | no_improve=3/30
2026-03-18 11:44:29,363 - ROSENBROCK d=2 seed=42 - V1 - INFO - iter=  110 | best=1.386533e-08 | t_eval=8.77ms | no_improve=0/30
2026-03-18 11:44:29,564 - ROSENBROCK d=2 seed=42 - V1 - INFO - iter=  120 | best=1.229852e-09 | t_eval=8.99ms | no_improve=0/30
2026-03-18 11:44:29,769 - ROSENBROCK d=2 seed=42 - V1 - INFO - iter=  130 | best=1.900489e-10 | t_eval=8.93ms | no_improve=1/30
2026-03-18 11:44:29,935 - ROSENBROCK d=2 seed=42 - V1 - INFO - iter=  140 | best=2.582358e-12 | t_eval=11.22ms | no_improve=7/30
2026-03-18 11:44:30,072 - ROSENBROCK d=2 seed=42 - V1 - INFO - iter=  150 | best=2.582358e-12 | t_eval=7.49ms | no_improve=17/30
2026-03-18 11:44:30,210 - ROSENBROCK d=2 seed=42 - V1 - INFO - iter=  160 | best=2.582358e-12 | t_eval=9.91ms | no_improve=27/30
2026-03-18 11:44:30,255 - ROSENBROCK d=2 seed=42 - V1 - INFO - Early stop at iter=163 (no improvement for 30 iters)
2026-03-18 11:44:30,256 - ROSENBROCK d=2 seed=42 - V1 - INFO - PSO done  | best=2.582358e-12 | iters=164 | total=2.2358s | t_eval=1.5212s (68.0%) | t_update=0.6896s (30.8%)
2026-03-18 11:44:31,137 - ROSENBROCK d=2 seed=42 - RUN - INFO - V0  fit=2.582358e-12 iters=164 time=0.7551s eval=35.9% update=61.6%
2026-03-18 11:44:31,137 - ROSENBROCK d=2 seed=42 - RUN - INFO - V1  fit=2.582358e-12 iters=164 time=2.2358s eval=68.0% update=30.8% speedup=0.338x
2026-03-18 11:44:31,137 - ROSENBROCK d=2 seed=42 - RUN - INFO - PySwarm fit=8.109261e-10 time=0.8805s
2026-03-18 11:44:31,137 - ROSENBROCK d=2 seed=42 - RUN - INFO - Winner: V0 Sequential
2026-03-18 11:44:31,955 - ROSENBROCK d=10 seed=42 - RUN - INFO - Hyperparams: source=fixed_config w=0.7 c1=1.5 c2=1.5 n=80
2026-03-18 11:44:31,960 - ROSENBROCK d=10 seed=42 - V0 - INFO - PSO start | seed=42 w=0.7 c1=1.5 c2=1.5 n_particles=80 max_iters=500
2026-03-18 11:44:31,962 - ROSENBROCK d=10 seed=42 - V0 - INFO - iter=    0 | best=3.206974e+04 | t_eval=2.26ms | no_improve=0/30
2026-03-18 11:44:32,019 - ROSENBROCK d=10 seed=42 - V0 - INFO - iter=   10 | best=5.259806e+01 | t_eval=1.22ms | no_improve=2/30
2026-03-18 11:44:32,083 - ROSENBROCK d=10 seed=42 - V0 - INFO - iter=   20 | best=2.376375e+01 | t_eval=1.37ms | no_improve=2/30
2026-03-18 11:44:32,130 - ROSENBROCK d=10 seed=42 - V0 - INFO - iter=   30 | best=1.167380e+01 | t_eval=1.33ms | no_improve=1/30
2026-03-18 11:44:32,177 - ROSENBROCK d=10 seed=42 - V0 - INFO - iter=   40 | best=9.083850e+00 | t_eval=2.69ms | no_improve=2/30
2026-03-18 11:44:32,231 - ROSENBROCK d=10 seed=42 - V0 - INFO - iter=   50 | best=8.218627e+00 | t_eval=1.36ms | no_improve=1/30
2026-03-18 11:44:32,299 - ROSENBROCK d=10 seed=42 - V0 - INFO - iter=   60 | best=7.305317e+00 | t_eval=3.17ms | no_improve=0/30
2026-03-18 11:44:32,363 - ROSENBROCK d=10 seed=42 - V0 - INFO - iter=   70 | best=6.976554e+00 | t_eval=1.20ms | no_improve=0/30
2026-03-18 11:44:32,431 - ROSENBROCK d=10 seed=42 - V0 - INFO - iter=   80 | best=6.571460e+00 | t_eval=2.84ms | no_improve=0/30
2026-03-18 11:44:32,504 - ROSENBROCK d=10 seed=42 - V0 - INFO - iter=   90 | best=6.273025e+00 | t_eval=1.57ms | no_improve=1/30
2026-03-18 11:44:32,671 - ROSENBROCK d=10 seed=42 - V0 - INFO - iter=  100 | best=6.057590e+00 | t_eval=8.66ms | no_improve=0/30
2026-03-18 11:44:32,951 - ROSENBROCK d=10 seed=42 - V0 - INFO - iter=  110 | best=5.982974e+00 | t_eval=2.71ms | no_improve=1/30
2026-03-18 11:44:33,064 - ROSENBROCK d=10 seed=42 - V0 - INFO - iter=  120 | best=5.763034e+00 | t_eval=2.78ms | no_improve=0/30
2026-03-18 11:44:33,135 - ROSENBROCK d=10 seed=42 - V0 - INFO - iter=  130 | best=5.473439e+00 | t_eval=3.18ms | no_improve=3/30
2026-03-18 11:44:33,199 - ROSENBROCK d=10 seed=42 - V0 - INFO - iter=  140 | best=5.362964e+00 | t_eval=1.27ms | no_improve=0/30
2026-03-18 11:44:33,249 - ROSENBROCK d=10 seed=42 - V0 - INFO - iter=  150 | best=5.169356e+00 | t_eval=2.25ms | no_improve=2/30
2026-03-18 11:44:33,297 - ROSENBROCK d=10 seed=42 - V0 - INFO - iter=  160 | best=4.855873e+00 | t_eval=1.64ms | no_improve=0/30
2026-03-18 11:44:33,336 - ROSENBROCK d=10 seed=42 - V0 - INFO - iter=  170 | best=4.699947e+00 | t_eval=3.84ms | no_improve=0/30
2026-03-18 11:44:33,377 - ROSENBROCK d=10 seed=42 - V0 - INFO - iter=  180 | best=4.562207e+00 | t_eval=1.15ms | no_improve=0/30
2026-03-18 11:44:33,417 - ROSENBROCK d=10 seed=42 - V0 - INFO - iter=  190 | best=4.232538e+00 | t_eval=1.31ms | no_improve=0/30
2026-03-18 11:44:33,462 - ROSENBROCK d=10 seed=42 - V0 - INFO - iter=  200 | best=4.045965e+00 | t_eval=1.22ms | no_improve=0/30
2026-03-18 11:44:33,510 - ROSENBROCK d=10 seed=42 - V0 - INFO - iter=  210 | best=3.951993e+00 | t_eval=1.25ms | no_improve=0/30
2026-03-18 11:44:33,557 - ROSENBROCK d=10 seed=42 - V0 - INFO - iter=  220 | best=3.820138e+00 | t_eval=1.46ms | no_improve=0/30
2026-03-18 11:44:33,598 - ROSENBROCK d=10 seed=42 - V0 - INFO - iter=  230 | best=3.699787e+00 | t_eval=1.20ms | no_improve=0/30
2026-03-18 11:44:33,634 - ROSENBROCK d=10 seed=42 - V0 - INFO - iter=  240 | best=3.544396e+00 | t_eval=1.31ms | no_improve=1/30
2026-03-18 11:44:33,682 - ROSENBROCK d=10 seed=42 - V0 - INFO - iter=  250 | best=3.437956e+00 | t_eval=2.62ms | no_improve=0/30
2026-03-18 11:44:33,734 - ROSENBROCK d=10 seed=42 - V0 - INFO - iter=  260 | best=3.345168e+00 | t_eval=1.91ms | no_improve=1/30
2026-03-18 11:44:33,776 - ROSENBROCK d=10 seed=42 - V0 - INFO - iter=  270 | best=3.171062e+00 | t_eval=2.24ms | no_improve=1/30
2026-03-18 11:44:33,824 - ROSENBROCK d=10 seed=42 - V0 - INFO - iter=  280 | best=2.984404e+00 | t_eval=2.49ms | no_improve=0/30
2026-03-18 11:44:33,869 - ROSENBROCK d=10 seed=42 - V0 - INFO - iter=  290 | best=2.849004e+00 | t_eval=1.13ms | no_improve=0/30
2026-03-18 11:44:33,938 - ROSENBROCK d=10 seed=42 - V0 - INFO - iter=  300 | best=2.757144e+00 | t_eval=2.70ms | no_improve=0/30
2026-03-18 11:44:34,000 - ROSENBROCK d=10 seed=42 - V0 - INFO - iter=  310 | best=2.649380e+00 | t_eval=1.59ms | no_improve=0/30
2026-03-18 11:44:34,054 - ROSENBROCK d=10 seed=42 - V0 - INFO - iter=  320 | best=2.448819e+00 | t_eval=1.34ms | no_improve=0/30
2026-03-18 11:44:34,107 - ROSENBROCK d=10 seed=42 - V0 - INFO - iter=  330 | best=2.403243e+00 | t_eval=1.81ms | no_improve=0/30
2026-03-18 11:44:34,164 - ROSENBROCK d=10 seed=42 - V0 - INFO - iter=  340 | best=2.343819e+00 | t_eval=1.46ms | no_improve=0/30
2026-03-18 11:44:34,218 - ROSENBROCK d=10 seed=42 - V0 - INFO - iter=  350 | best=2.284842e+00 | t_eval=1.31ms | no_improve=0/30
2026-03-18 11:44:34,275 - ROSENBROCK d=10 seed=42 - V0 - INFO - iter=  360 | best=2.198450e+00 | t_eval=2.77ms | no_improve=1/30
2026-03-18 11:44:34,333 - ROSENBROCK d=10 seed=42 - V0 - INFO - iter=  370 | best=2.092919e+00 | t_eval=2.05ms | no_improve=1/30
2026-03-18 11:44:34,391 - ROSENBROCK d=10 seed=42 - V0 - INFO - iter=  380 | best=1.990530e+00 | t_eval=2.80ms | no_improve=0/30
2026-03-18 11:44:34,450 - ROSENBROCK d=10 seed=42 - V0 - INFO - iter=  390 | best=1.868038e+00 | t_eval=2.62ms | no_improve=1/30
2026-03-18 11:44:34,501 - ROSENBROCK d=10 seed=42 - V0 - INFO - iter=  400 | best=1.799644e+00 | t_eval=2.35ms | no_improve=1/30
2026-03-18 11:44:34,549 - ROSENBROCK d=10 seed=42 - V0 - INFO - iter=  410 | best=1.746963e+00 | t_eval=1.40ms | no_improve=0/30
2026-03-18 11:44:34,609 - ROSENBROCK d=10 seed=42 - V0 - INFO - iter=  420 | best=1.492228e+00 | t_eval=2.97ms | no_improve=0/30
2026-03-18 11:44:34,674 - ROSENBROCK d=10 seed=42 - V0 - INFO - iter=  430 | best=1.367608e+00 | t_eval=2.60ms | no_improve=0/30
2026-03-18 11:44:34,747 - ROSENBROCK d=10 seed=42 - V0 - INFO - iter=  440 | best=1.364339e+00 | t_eval=2.65ms | no_improve=4/30
2026-03-18 11:44:34,829 - ROSENBROCK d=10 seed=42 - V0 - INFO - iter=  450 | best=1.353945e+00 | t_eval=2.76ms | no_improve=0/30
2026-03-18 11:44:34,905 - ROSENBROCK d=10 seed=42 - V0 - INFO - iter=  460 | best=1.335148e+00 | t_eval=2.52ms | no_improve=0/30
2026-03-18 11:44:34,974 - ROSENBROCK d=10 seed=42 - V0 - INFO - iter=  470 | best=1.321447e+00 | t_eval=3.91ms | no_improve=0/30
2026-03-18 11:44:35,026 - ROSENBROCK d=10 seed=42 - V0 - INFO - iter=  480 | best=1.310373e+00 | t_eval=1.39ms | no_improve=1/30
2026-03-18 11:44:35,102 - ROSENBROCK d=10 seed=42 - V0 - INFO - iter=  490 | best=1.263094e+00 | t_eval=3.51ms | no_improve=0/30
2026-03-18 11:44:35,161 - ROSENBROCK d=10 seed=42 - V0 - INFO - PSO done  | best=1.193908e+00 | iters=500 | total=3.2013s | t_eval=1.1197s (35.0%) | t_update=1.9333s (60.4%)
2026-03-18 11:44:35,166 - ROSENBROCK d=10 seed=42 - V1 - INFO - PSO start | seed=42 w=0.7 c1=1.5 c2=1.5 n_particles=80 max_iters=500
2026-03-18 11:44:35,173 - ROSENBROCK d=10 seed=42 - V1 - INFO - iter=    0 | best=3.206974e+04 | t_eval=6.60ms | no_improve=0/30
2026-03-18 11:44:35,295 - ROSENBROCK d=10 seed=42 - V1 - INFO - iter=   10 | best=5.259806e+01 | t_eval=9.00ms | no_improve=2/30
2026-03-18 11:44:35,404 - ROSENBROCK d=10 seed=42 - V1 - INFO - iter=   20 | best=2.376375e+01 | t_eval=7.59ms | no_improve=2/30
2026-03-18 11:44:35,516 - ROSENBROCK d=10 seed=42 - V1 - INFO - iter=   30 | best=1.167380e+01 | t_eval=6.77ms | no_improve=1/30
2026-03-18 11:44:35,651 - ROSENBROCK d=10 seed=42 - V1 - INFO - iter=   40 | best=9.083850e+00 | t_eval=7.86ms | no_improve=2/30
2026-03-18 11:44:35,763 - ROSENBROCK d=10 seed=42 - V1 - INFO - iter=   50 | best=8.218627e+00 | t_eval=7.20ms | no_improve=1/30
2026-03-18 11:44:35,872 - ROSENBROCK d=10 seed=42 - V1 - INFO - iter=   60 | best=7.305317e+00 | t_eval=10.63ms | no_improve=0/30
2026-03-18 11:44:35,993 - ROSENBROCK d=10 seed=42 - V1 - INFO - iter=   70 | best=6.976554e+00 | t_eval=9.16ms | no_improve=0/30
2026-03-18 11:44:36,132 - ROSENBROCK d=10 seed=42 - V1 - INFO - iter=   80 | best=6.571460e+00 | t_eval=9.86ms | no_improve=0/30
2026-03-18 11:44:36,257 - ROSENBROCK d=10 seed=42 - V1 - INFO - iter=   90 | best=6.273025e+00 | t_eval=5.85ms | no_improve=1/30
2026-03-18 11:44:36,368 - ROSENBROCK d=10 seed=42 - V1 - INFO - iter=  100 | best=6.057590e+00 | t_eval=5.04ms | no_improve=0/30
2026-03-18 11:44:36,444 - ROSENBROCK d=10 seed=42 - V1 - INFO - iter=  110 | best=5.982974e+00 | t_eval=6.82ms | no_improve=1/30
2026-03-18 11:44:36,513 - ROSENBROCK d=10 seed=42 - V1 - INFO - iter=  120 | best=5.763034e+00 | t_eval=3.93ms | no_improve=0/30
2026-03-18 11:44:36,583 - ROSENBROCK d=10 seed=42 - V1 - INFO - iter=  130 | best=5.473439e+00 | t_eval=4.49ms | no_improve=3/30
2026-03-18 11:44:36,658 - ROSENBROCK d=10 seed=42 - V1 - INFO - iter=  140 | best=5.362964e+00 | t_eval=4.04ms | no_improve=0/30
2026-03-18 11:44:36,726 - ROSENBROCK d=10 seed=42 - V1 - INFO - iter=  150 | best=5.169356e+00 | t_eval=4.33ms | no_improve=2/30
2026-03-18 11:44:36,802 - ROSENBROCK d=10 seed=42 - V1 - INFO - iter=  160 | best=4.855873e+00 | t_eval=4.42ms | no_improve=0/30
2026-03-18 11:44:36,875 - ROSENBROCK d=10 seed=42 - V1 - INFO - iter=  170 | best=4.699947e+00 | t_eval=6.08ms | no_improve=0/30
2026-03-18 11:44:36,973 - ROSENBROCK d=10 seed=42 - V1 - INFO - iter=  180 | best=4.562207e+00 | t_eval=4.97ms | no_improve=0/30
2026-03-18 11:44:37,070 - ROSENBROCK d=10 seed=42 - V1 - INFO - iter=  190 | best=4.232538e+00 | t_eval=5.22ms | no_improve=0/30
2026-03-18 11:44:37,162 - ROSENBROCK d=10 seed=42 - V1 - INFO - iter=  200 | best=4.045965e+00 | t_eval=4.60ms | no_improve=0/30
2026-03-18 11:44:37,253 - ROSENBROCK d=10 seed=42 - V1 - INFO - iter=  210 | best=3.951993e+00 | t_eval=4.49ms | no_improve=0/30
2026-03-18 11:44:37,346 - ROSENBROCK d=10 seed=42 - V1 - INFO - iter=  220 | best=3.820138e+00 | t_eval=8.42ms | no_improve=0/30
2026-03-18 11:44:37,424 - ROSENBROCK d=10 seed=42 - V1 - INFO - iter=  230 | best=3.699787e+00 | t_eval=4.56ms | no_improve=0/30
2026-03-18 11:44:37,499 - ROSENBROCK d=10 seed=42 - V1 - INFO - iter=  240 | best=3.544396e+00 | t_eval=5.22ms | no_improve=1/30
2026-03-18 11:44:37,587 - ROSENBROCK d=10 seed=42 - V1 - INFO - iter=  250 | best=3.437956e+00 | t_eval=6.85ms | no_improve=0/30
2026-03-18 11:44:37,670 - ROSENBROCK d=10 seed=42 - V1 - INFO - iter=  260 | best=3.345168e+00 | t_eval=6.96ms | no_improve=1/30
2026-03-18 11:44:37,791 - ROSENBROCK d=10 seed=42 - V1 - INFO - iter=  270 | best=3.171062e+00 | t_eval=8.16ms | no_improve=1/30
2026-03-18 11:44:37,902 - ROSENBROCK d=10 seed=42 - V1 - INFO - iter=  280 | best=2.984404e+00 | t_eval=5.19ms | no_improve=0/30
2026-03-18 11:44:38,033 - ROSENBROCK d=10 seed=42 - V1 - INFO - iter=  290 | best=2.849004e+00 | t_eval=12.21ms | no_improve=0/30
2026-03-18 11:44:38,156 - ROSENBROCK d=10 seed=42 - V1 - INFO - iter=  300 | best=2.757144e+00 | t_eval=6.21ms | no_improve=0/30
2026-03-18 11:44:38,267 - ROSENBROCK d=10 seed=42 - V1 - INFO - iter=  310 | best=2.649380e+00 | t_eval=6.42ms | no_improve=0/30
2026-03-18 11:44:38,388 - ROSENBROCK d=10 seed=42 - V1 - INFO - iter=  320 | best=2.448819e+00 | t_eval=11.16ms | no_improve=0/30
2026-03-18 11:44:38,637 - ROSENBROCK d=10 seed=42 - V1 - INFO - iter=  330 | best=2.403243e+00 | t_eval=10.04ms | no_improve=0/30
2026-03-18 11:44:38,761 - ROSENBROCK d=10 seed=42 - V1 - INFO - iter=  340 | best=2.343819e+00 | t_eval=5.87ms | no_improve=0/30
2026-03-18 11:44:38,879 - ROSENBROCK d=10 seed=42 - V1 - INFO - iter=  350 | best=2.284842e+00 | t_eval=5.99ms | no_improve=0/30
2026-03-18 11:44:38,983 - ROSENBROCK d=10 seed=42 - V1 - INFO - iter=  360 | best=2.198450e+00 | t_eval=6.40ms | no_improve=1/30
2026-03-18 11:44:39,092 - ROSENBROCK d=10 seed=42 - V1 - INFO - iter=  370 | best=2.092919e+00 | t_eval=8.14ms | no_improve=1/30
2026-03-18 11:44:39,202 - ROSENBROCK d=10 seed=42 - V1 - INFO - iter=  380 | best=1.990530e+00 | t_eval=5.67ms | no_improve=0/30
2026-03-18 11:44:39,331 - ROSENBROCK d=10 seed=42 - V1 - INFO - iter=  390 | best=1.868038e+00 | t_eval=5.94ms | no_improve=1/30
2026-03-18 11:44:39,439 - ROSENBROCK d=10 seed=42 - V1 - INFO - iter=  400 | best=1.799644e+00 | t_eval=8.19ms | no_improve=1/30
2026-03-18 11:44:39,560 - ROSENBROCK d=10 seed=42 - V1 - INFO - iter=  410 | best=1.746963e+00 | t_eval=5.56ms | no_improve=0/30
2026-03-18 11:44:39,675 - ROSENBROCK d=10 seed=42 - V1 - INFO - iter=  420 | best=1.492228e+00 | t_eval=12.37ms | no_improve=0/30
2026-03-18 11:44:39,794 - ROSENBROCK d=10 seed=42 - V1 - INFO - iter=  430 | best=1.367608e+00 | t_eval=8.26ms | no_improve=0/30
2026-03-18 11:44:39,910 - ROSENBROCK d=10 seed=42 - V1 - INFO - iter=  440 | best=1.364339e+00 | t_eval=7.38ms | no_improve=4/30
2026-03-18 11:44:40,045 - ROSENBROCK d=10 seed=42 - V1 - INFO - iter=  450 | best=1.353945e+00 | t_eval=9.38ms | no_improve=0/30
2026-03-18 11:44:40,130 - ROSENBROCK d=10 seed=42 - V1 - INFO - iter=  460 | best=1.335148e+00 | t_eval=4.42ms | no_improve=0/30
2026-03-18 11:44:40,203 - ROSENBROCK d=10 seed=42 - V1 - INFO - iter=  470 | best=1.321447e+00 | t_eval=3.87ms | no_improve=0/30
2026-03-18 11:44:40,276 - ROSENBROCK d=10 seed=42 - V1 - INFO - iter=  480 | best=1.310373e+00 | t_eval=5.64ms | no_improve=1/30
2026-03-18 11:44:40,347 - ROSENBROCK d=10 seed=42 - V1 - INFO - iter=  490 | best=1.263094e+00 | t_eval=5.92ms | no_improve=0/30
2026-03-18 11:44:40,415 - ROSENBROCK d=10 seed=42 - V1 - INFO - PSO done  | best=1.193908e+00 | iters=500 | total=5.2489s | t_eval=3.6227s (69.0%) | t_update=1.5609s (29.7%)
2026-03-18 11:44:41,316 - ROSENBROCK d=10 seed=42 - RUN - INFO - V0  fit=1.193908e+00 iters=500 time=3.2013s eval=35.0% update=60.4%
2026-03-18 11:44:41,317 - ROSENBROCK d=10 seed=42 - RUN - INFO - V1  fit=1.193908e+00 iters=500 time=5.2489s eval=69.0% update=29.7% speedup=0.610x
2026-03-18 11:44:41,317 - ROSENBROCK d=10 seed=42 - RUN - INFO - PySwarm fit=1.835968e+00 time=0.9006s
2026-03-18 11:44:41,317 - ROSENBROCK d=10 seed=42 - RUN - INFO - Winner: V0 Sequential
2026-03-18 11:44:42,156 - ROSENBROCK d=30 seed=42 - RUN - INFO - Hyperparams: source=fixed_config w=0.7 c1=1.5 c2=1.5 n=80
2026-03-18 11:44:42,160 - ROSENBROCK d=30 seed=42 - V0 - INFO - PSO start | seed=42 w=0.7 c1=1.5 c2=1.5 n_particles=80 max_iters=500
2026-03-18 11:44:42,162 - ROSENBROCK d=30 seed=42 - V0 - INFO - iter=    0 | best=1.499797e+05 | t_eval=1.23ms | no_improve=0/30
2026-03-18 11:44:42,211 - ROSENBROCK d=30 seed=42 - V0 - INFO - iter=   10 | best=3.412553e+03 | t_eval=1.50ms | no_improve=0/30
2026-03-18 11:44:42,257 - ROSENBROCK d=30 seed=42 - V0 - INFO - iter=   20 | best=1.233665e+03 | t_eval=1.17ms | no_improve=1/30
2026-03-18 11:44:42,307 - ROSENBROCK d=30 seed=42 - V0 - INFO - iter=   30 | best=2.926849e+02 | t_eval=1.35ms | no_improve=0/30
2026-03-18 11:44:42,355 - ROSENBROCK d=30 seed=42 - V0 - INFO - iter=   40 | best=1.961820e+02 | t_eval=1.17ms | no_improve=0/30
2026-03-18 11:44:42,409 - ROSENBROCK d=30 seed=42 - V0 - INFO - iter=   50 | best=1.265528e+02 | t_eval=1.94ms | no_improve=1/30
2026-03-18 11:44:42,460 - ROSENBROCK d=30 seed=42 - V0 - INFO - iter=   60 | best=1.019558e+02 | t_eval=1.26ms | no_improve=0/30
2026-03-18 11:44:42,531 - ROSENBROCK d=30 seed=42 - V0 - INFO - iter=   70 | best=9.452663e+01 | t_eval=1.35ms | no_improve=0/30
2026-03-18 11:44:42,606 - ROSENBROCK d=30 seed=42 - V0 - INFO - iter=   80 | best=8.441606e+01 | t_eval=3.29ms | no_improve=1/30
2026-03-18 11:44:42,678 - ROSENBROCK d=30 seed=42 - V0 - INFO - iter=   90 | best=8.167716e+01 | t_eval=1.85ms | no_improve=0/30
2026-03-18 11:44:42,731 - ROSENBROCK d=30 seed=42 - V0 - INFO - iter=  100 | best=7.680222e+01 | t_eval=1.95ms | no_improve=0/30
2026-03-18 11:44:42,792 - ROSENBROCK d=30 seed=42 - V0 - INFO - iter=  110 | best=6.660380e+01 | t_eval=2.56ms | no_improve=0/30
2026-03-18 11:44:42,844 - ROSENBROCK d=30 seed=42 - V0 - INFO - iter=  120 | best=4.346798e+01 | t_eval=2.61ms | no_improve=0/30
2026-03-18 11:44:42,903 - ROSENBROCK d=30 seed=42 - V0 - INFO - iter=  130 | best=3.369869e+01 | t_eval=1.40ms | no_improve=0/30
2026-03-18 11:44:42,964 - ROSENBROCK d=30 seed=42 - V0 - INFO - iter=  140 | best=3.227070e+01 | t_eval=2.36ms | no_improve=1/30
2026-03-18 11:44:43,020 - ROSENBROCK d=30 seed=42 - V0 - INFO - iter=  150 | best=3.125665e+01 | t_eval=1.44ms | no_improve=0/30
2026-03-18 11:44:43,092 - ROSENBROCK d=30 seed=42 - V0 - INFO - iter=  160 | best=3.025273e+01 | t_eval=3.24ms | no_improve=0/30
2026-03-18 11:44:43,148 - ROSENBROCK d=30 seed=42 - V0 - INFO - iter=  170 | best=2.943362e+01 | t_eval=4.17ms | no_improve=0/30
2026-03-18 11:44:43,250 - ROSENBROCK d=30 seed=42 - V0 - INFO - iter=  180 | best=2.921149e+01 | t_eval=26.28ms | no_improve=0/30
2026-03-18 11:44:43,354 - ROSENBROCK d=30 seed=42 - V0 - INFO - iter=  190 | best=2.913489e+01 | t_eval=2.10ms | no_improve=2/30
2026-03-18 11:44:43,451 - ROSENBROCK d=30 seed=42 - V0 - INFO - iter=  200 | best=2.907562e+01 | t_eval=2.71ms | no_improve=0/30
2026-03-18 11:44:43,531 - ROSENBROCK d=30 seed=42 - V0 - INFO - iter=  210 | best=2.903899e+01 | t_eval=2.95ms | no_improve=0/30
2026-03-18 11:44:43,811 - ROSENBROCK d=30 seed=42 - V0 - INFO - iter=  220 | best=2.901211e+01 | t_eval=3.30ms | no_improve=0/30
2026-03-18 11:44:43,941 - ROSENBROCK d=30 seed=42 - V0 - INFO - iter=  230 | best=2.898986e+01 | t_eval=3.07ms | no_improve=3/30
2026-03-18 11:44:44,238 - ROSENBROCK d=30 seed=42 - V0 - INFO - iter=  240 | best=2.893324e+01 | t_eval=2.80ms | no_improve=0/30
2026-03-18 11:44:44,356 - ROSENBROCK d=30 seed=42 - V0 - INFO - iter=  250 | best=2.889442e+01 | t_eval=9.06ms | no_improve=0/30
2026-03-18 11:44:44,506 - ROSENBROCK d=30 seed=42 - V0 - INFO - iter=  260 | best=2.885702e+01 | t_eval=1.41ms | no_improve=0/30
2026-03-18 11:44:44,578 - ROSENBROCK d=30 seed=42 - V0 - INFO - iter=  270 | best=2.882676e+01 | t_eval=3.81ms | no_improve=0/30
2026-03-18 11:44:44,653 - ROSENBROCK d=30 seed=42 - V0 - INFO - iter=  280 | best=2.874852e+01 | t_eval=1.62ms | no_improve=0/30
2026-03-18 11:44:44,715 - ROSENBROCK d=30 seed=42 - V0 - INFO - iter=  290 | best=2.860776e+01 | t_eval=1.40ms | no_improve=2/30
2026-03-18 11:44:44,781 - ROSENBROCK d=30 seed=42 - V0 - INFO - iter=  300 | best=2.856032e+01 | t_eval=4.30ms | no_improve=0/30
2026-03-18 11:44:44,847 - ROSENBROCK d=30 seed=42 - V0 - INFO - iter=  310 | best=2.852475e+01 | t_eval=3.55ms | no_improve=0/30
2026-03-18 11:44:44,912 - ROSENBROCK d=30 seed=42 - V0 - INFO - iter=  320 | best=2.840765e+01 | t_eval=1.43ms | no_improve=0/30
2026-03-18 11:44:44,995 - ROSENBROCK d=30 seed=42 - V0 - INFO - iter=  330 | best=2.834451e+01 | t_eval=4.47ms | no_improve=0/30
2026-03-18 11:44:45,070 - ROSENBROCK d=30 seed=42 - V0 - INFO - iter=  340 | best=2.826492e+01 | t_eval=2.16ms | no_improve=0/30
2026-03-18 11:44:45,155 - ROSENBROCK d=30 seed=42 - V0 - INFO - iter=  350 | best=2.812178e+01 | t_eval=1.40ms | no_improve=0/30
2026-03-18 11:44:45,218 - ROSENBROCK d=30 seed=42 - V0 - INFO - iter=  360 | best=2.797955e+01 | t_eval=1.61ms | no_improve=2/30
2026-03-18 11:44:45,274 - ROSENBROCK d=30 seed=42 - V0 - INFO - iter=  370 | best=2.790300e+01 | t_eval=2.67ms | no_improve=0/30
2026-03-18 11:44:45,369 - ROSENBROCK d=30 seed=42 - V0 - INFO - iter=  380 | best=2.785816e+01 | t_eval=1.64ms | no_improve=0/30
2026-03-18 11:44:45,450 - ROSENBROCK d=30 seed=42 - V0 - INFO - iter=  390 | best=2.772015e+01 | t_eval=1.90ms | no_improve=0/30
2026-03-18 11:44:45,514 - ROSENBROCK d=30 seed=42 - V0 - INFO - iter=  400 | best=2.763403e+01 | t_eval=2.61ms | no_improve=0/30
2026-03-18 11:44:45,595 - ROSENBROCK d=30 seed=42 - V0 - INFO - iter=  410 | best=2.758862e+01 | t_eval=3.26ms | no_improve=0/30
2026-03-18 11:44:45,664 - ROSENBROCK d=30 seed=42 - V0 - INFO - iter=  420 | best=2.753329e+01 | t_eval=2.52ms | no_improve=2/30
2026-03-18 11:44:45,733 - ROSENBROCK d=30 seed=42 - V0 - INFO - iter=  430 | best=2.743011e+01 | t_eval=1.53ms | no_improve=0/30
2026-03-18 11:44:45,786 - ROSENBROCK d=30 seed=42 - V0 - INFO - iter=  440 | best=2.733227e+01 | t_eval=3.06ms | no_improve=1/30
2026-03-18 11:44:45,831 - ROSENBROCK d=30 seed=42 - V0 - INFO - iter=  450 | best=2.723947e+01 | t_eval=1.10ms | no_improve=1/30
2026-03-18 11:44:45,870 - ROSENBROCK d=30 seed=42 - V0 - INFO - iter=  460 | best=2.718985e+01 | t_eval=1.05ms | no_improve=0/30
2026-03-18 11:44:45,907 - ROSENBROCK d=30 seed=42 - V0 - INFO - iter=  470 | best=2.712983e+01 | t_eval=1.10ms | no_improve=0/30
2026-03-18 11:44:45,942 - ROSENBROCK d=30 seed=42 - V0 - INFO - iter=  480 | best=2.708773e+01 | t_eval=2.12ms | no_improve=0/30
2026-03-18 11:44:45,977 - ROSENBROCK d=30 seed=42 - V0 - INFO - iter=  490 | best=2.703535e+01 | t_eval=2.19ms | no_improve=1/30
2026-03-18 11:44:46,017 - ROSENBROCK d=30 seed=42 - V0 - INFO - PSO done  | best=2.699329e+01 | iters=500 | total=3.8565s | t_eval=1.3079s (33.9%) | t_update=2.4609s (63.8%)
2026-03-18 11:44:46,024 - ROSENBROCK d=30 seed=42 - V1 - INFO - PSO start | seed=42 w=0.7 c1=1.5 c2=1.5 n_particles=80 max_iters=500
2026-03-18 11:44:46,028 - ROSENBROCK d=30 seed=42 - V1 - INFO - iter=    0 | best=1.499797e+05 | t_eval=4.36ms | no_improve=0/30
2026-03-18 11:44:46,103 - ROSENBROCK d=30 seed=42 - V1 - INFO - iter=   10 | best=3.412553e+03 | t_eval=4.22ms | no_improve=0/30
2026-03-18 11:44:46,174 - ROSENBROCK d=30 seed=42 - V1 - INFO - iter=   20 | best=1.233665e+03 | t_eval=4.18ms | no_improve=1/30
2026-03-18 11:44:46,247 - ROSENBROCK d=30 seed=42 - V1 - INFO - iter=   30 | best=2.926849e+02 | t_eval=5.93ms | no_improve=0/30
2026-03-18 11:44:46,319 - ROSENBROCK d=30 seed=42 - V1 - INFO - iter=   40 | best=1.961820e+02 | t_eval=4.49ms | no_improve=0/30
2026-03-18 11:44:46,536 - ROSENBROCK d=30 seed=42 - V1 - INFO - iter=   50 | best=1.265528e+02 | t_eval=11.18ms | no_improve=1/30
2026-03-18 11:44:46,656 - ROSENBROCK d=30 seed=42 - V1 - INFO - iter=   60 | best=1.019558e+02 | t_eval=4.05ms | no_improve=0/30
2026-03-18 11:44:46,725 - ROSENBROCK d=30 seed=42 - V1 - INFO - iter=   70 | best=9.452663e+01 | t_eval=4.37ms | no_improve=0/30
2026-03-18 11:44:46,804 - ROSENBROCK d=30 seed=42 - V1 - INFO - iter=   80 | best=8.441606e+01 | t_eval=4.60ms | no_improve=1/30
2026-03-18 11:44:46,875 - ROSENBROCK d=30 seed=42 - V1 - INFO - iter=   90 | best=8.167716e+01 | t_eval=4.54ms | no_improve=0/30
2026-03-18 11:44:46,952 - ROSENBROCK d=30 seed=42 - V1 - INFO - iter=  100 | best=7.680222e+01 | t_eval=5.38ms | no_improve=0/30
2026-03-18 11:44:47,021 - ROSENBROCK d=30 seed=42 - V1 - INFO - iter=  110 | best=6.660380e+01 | t_eval=4.55ms | no_improve=0/30
2026-03-18 11:44:47,115 - ROSENBROCK d=30 seed=42 - V1 - INFO - iter=  120 | best=4.346798e+01 | t_eval=4.77ms | no_improve=0/30
2026-03-18 11:44:47,219 - ROSENBROCK d=30 seed=42 - V1 - INFO - iter=  130 | best=3.369869e+01 | t_eval=4.70ms | no_improve=0/30
2026-03-18 11:44:47,305 - ROSENBROCK d=30 seed=42 - V1 - INFO - iter=  140 | best=3.227070e+01 | t_eval=4.23ms | no_improve=1/30
2026-03-18 11:44:47,391 - ROSENBROCK d=30 seed=42 - V1 - INFO - iter=  150 | best=3.125665e+01 | t_eval=7.93ms | no_improve=0/30
2026-03-18 11:44:47,480 - ROSENBROCK d=30 seed=42 - V1 - INFO - iter=  160 | best=3.025273e+01 | t_eval=7.81ms | no_improve=0/30
2026-03-18 11:44:47,590 - ROSENBROCK d=30 seed=42 - V1 - INFO - iter=  170 | best=2.943362e+01 | t_eval=12.21ms | no_improve=0/30
2026-03-18 11:44:47,683 - ROSENBROCK d=30 seed=42 - V1 - INFO - iter=  180 | best=2.921149e+01 | t_eval=4.97ms | no_improve=0/30
2026-03-18 11:44:47,775 - ROSENBROCK d=30 seed=42 - V1 - INFO - iter=  190 | best=2.913489e+01 | t_eval=6.85ms | no_improve=2/30
2026-03-18 11:44:47,867 - ROSENBROCK d=30 seed=42 - V1 - INFO - iter=  200 | best=2.907562e+01 | t_eval=4.92ms | no_improve=0/30
2026-03-18 11:44:47,985 - ROSENBROCK d=30 seed=42 - V1 - INFO - iter=  210 | best=2.903899e+01 | t_eval=5.51ms | no_improve=0/30
2026-03-18 11:44:48,068 - ROSENBROCK d=30 seed=42 - V1 - INFO - iter=  220 | best=2.901211e+01 | t_eval=6.01ms | no_improve=0/30
2026-03-18 11:44:48,154 - ROSENBROCK d=30 seed=42 - V1 - INFO - iter=  230 | best=2.898986e+01 | t_eval=4.25ms | no_improve=3/30
2026-03-18 11:44:48,262 - ROSENBROCK d=30 seed=42 - V1 - INFO - iter=  240 | best=2.893324e+01 | t_eval=6.96ms | no_improve=0/30
2026-03-18 11:44:48,382 - ROSENBROCK d=30 seed=42 - V1 - INFO - iter=  250 | best=2.889442e+01 | t_eval=8.89ms | no_improve=0/30
2026-03-18 11:44:48,502 - ROSENBROCK d=30 seed=42 - V1 - INFO - iter=  260 | best=2.885702e+01 | t_eval=5.68ms | no_improve=0/30
2026-03-18 11:44:48,612 - ROSENBROCK d=30 seed=42 - V1 - INFO - iter=  270 | best=2.882676e+01 | t_eval=6.29ms | no_improve=0/30
2026-03-18 11:44:48,722 - ROSENBROCK d=30 seed=42 - V1 - INFO - iter=  280 | best=2.874852e+01 | t_eval=6.42ms | no_improve=0/30
2026-03-18 11:44:48,851 - ROSENBROCK d=30 seed=42 - V1 - INFO - iter=  290 | best=2.860776e+01 | t_eval=8.41ms | no_improve=2/30
2026-03-18 11:44:48,960 - ROSENBROCK d=30 seed=42 - V1 - INFO - iter=  300 | best=2.856032e+01 | t_eval=6.36ms | no_improve=0/30
2026-03-18 11:44:49,081 - ROSENBROCK d=30 seed=42 - V1 - INFO - iter=  310 | best=2.852475e+01 | t_eval=9.25ms | no_improve=0/30
2026-03-18 11:44:49,304 - ROSENBROCK d=30 seed=42 - V1 - INFO - iter=  320 | best=2.840765e+01 | t_eval=7.85ms | no_improve=0/30
2026-03-18 11:44:49,450 - ROSENBROCK d=30 seed=42 - V1 - INFO - iter=  330 | best=2.834451e+01 | t_eval=7.24ms | no_improve=0/30
2026-03-18 11:44:49,544 - ROSENBROCK d=30 seed=42 - V1 - INFO - iter=  340 | best=2.826492e+01 | t_eval=9.77ms | no_improve=0/30
2026-03-18 11:44:49,642 - ROSENBROCK d=30 seed=42 - V1 - INFO - iter=  350 | best=2.812178e+01 | t_eval=10.73ms | no_improve=0/30
2026-03-18 11:44:49,755 - ROSENBROCK d=30 seed=42 - V1 - INFO - iter=  360 | best=2.797955e+01 | t_eval=6.57ms | no_improve=2/30
2026-03-18 11:44:49,880 - ROSENBROCK d=30 seed=42 - V1 - INFO - iter=  370 | best=2.790300e+01 | t_eval=9.27ms | no_improve=0/30
2026-03-18 11:44:50,023 - ROSENBROCK d=30 seed=42 - V1 - INFO - iter=  380 | best=2.785816e+01 | t_eval=11.77ms | no_improve=0/30
2026-03-18 11:44:50,151 - ROSENBROCK d=30 seed=42 - V1 - INFO - iter=  390 | best=2.772015e+01 | t_eval=5.86ms | no_improve=0/30
2026-03-18 11:44:50,262 - ROSENBROCK d=30 seed=42 - V1 - INFO - iter=  400 | best=2.763403e+01 | t_eval=6.69ms | no_improve=0/30
2026-03-18 11:44:50,376 - ROSENBROCK d=30 seed=42 - V1 - INFO - iter=  410 | best=2.758862e+01 | t_eval=6.12ms | no_improve=0/30
2026-03-18 11:44:50,481 - ROSENBROCK d=30 seed=42 - V1 - INFO - iter=  420 | best=2.753329e+01 | t_eval=6.58ms | no_improve=2/30
2026-03-18 11:44:50,617 - ROSENBROCK d=30 seed=42 - V1 - INFO - iter=  430 | best=2.743011e+01 | t_eval=14.74ms | no_improve=0/30
2026-03-18 11:44:50,725 - ROSENBROCK d=30 seed=42 - V1 - INFO - iter=  440 | best=2.733227e+01 | t_eval=6.51ms | no_improve=1/30
2026-03-18 11:44:50,805 - ROSENBROCK d=30 seed=42 - V1 - INFO - iter=  450 | best=2.723947e+01 | t_eval=4.10ms | no_improve=1/30
2026-03-18 11:44:50,907 - ROSENBROCK d=30 seed=42 - V1 - INFO - iter=  460 | best=2.718985e+01 | t_eval=4.72ms | no_improve=0/30
2026-03-18 11:44:50,980 - ROSENBROCK d=30 seed=42 - V1 - INFO - iter=  470 | best=2.712983e+01 | t_eval=4.02ms | no_improve=0/30
2026-03-18 11:44:51,051 - ROSENBROCK d=30 seed=42 - V1 - INFO - iter=  480 | best=2.708773e+01 | t_eval=4.21ms | no_improve=0/30
2026-03-18 11:44:51,137 - ROSENBROCK d=30 seed=42 - V1 - INFO - iter=  490 | best=2.703535e+01 | t_eval=8.23ms | no_improve=1/30
2026-03-18 11:44:51,220 - ROSENBROCK d=30 seed=42 - V1 - INFO - PSO done  | best=2.699329e+01 | iters=500 | total=5.1959s | t_eval=3.5964s (69.2%) | t_update=1.5265s (29.4%)
2026-03-18 11:44:54,228 - ROSENBROCK d=30 seed=42 - RUN - INFO - V0  fit=2.699329e+01 iters=500 time=3.8565s eval=33.9% update=63.8%
2026-03-18 11:44:54,228 - ROSENBROCK d=30 seed=42 - RUN - INFO - V1  fit=2.699329e+01 iters=500 time=5.1959s eval=69.2% update=29.4% speedup=0.742x
2026-03-18 11:44:54,228 - ROSENBROCK d=30 seed=42 - RUN - INFO - PySwarm fit=2.362357e+01 time=3.0074s
2026-03-18 11:44:54,228 - ROSENBROCK d=30 seed=42 - RUN - INFO - Winner: PySwarm
2026-03-18 11:44:55,107 - RASTRIGIN d=2 seed=42 - RUN - INFO - Hyperparams: source=fixed_config w=0.7 c1=1.5 c2=1.5 n=80
2026-03-18 11:44:55,111 - RASTRIGIN d=2 seed=42 - V0 - INFO - PSO start | seed=42 w=0.7 c1=1.5 c2=1.5 n_particles=80 max_iters=500
2026-03-18 11:44:55,112 - RASTRIGIN d=2 seed=42 - V0 - INFO - iter=    0 | best=4.995815e+00 | t_eval=0.92ms | no_improve=0/30
2026-03-18 11:44:55,156 - RASTRIGIN d=2 seed=42 - V0 - INFO - iter=   10 | best=2.464186e-01 | t_eval=0.91ms | no_improve=7/30
2026-03-18 11:44:55,196 - RASTRIGIN d=2 seed=42 - V0 - INFO - iter=   20 | best=7.139904e-03 | t_eval=1.48ms | no_improve=1/30
2026-03-18 11:44:55,229 - RASTRIGIN d=2 seed=42 - V0 - INFO - iter=   30 | best=3.262970e-04 | t_eval=1.70ms | no_improve=1/30
2026-03-18 11:44:55,277 - RASTRIGIN d=2 seed=42 - V0 - INFO - iter=   40 | best=7.823792e-06 | t_eval=2.04ms | no_improve=5/30
2026-03-18 11:44:55,322 - RASTRIGIN d=2 seed=42 - V0 - INFO - iter=   50 | best=4.442687e-06 | t_eval=2.05ms | no_improve=6/30
2026-03-18 11:44:55,369 - RASTRIGIN d=2 seed=42 - V0 - INFO - iter=   60 | best=2.305164e-09 | t_eval=1.11ms | no_improve=4/30
2026-03-18 11:44:55,417 - RASTRIGIN d=2 seed=42 - V0 - INFO - iter=   70 | best=1.882306e-09 | t_eval=0.95ms | no_improve=1/30
2026-03-18 11:44:55,466 - RASTRIGIN d=2 seed=42 - V0 - INFO - iter=   80 | best=8.835315e-10 | t_eval=1.02ms | no_improve=8/30
2026-03-18 11:44:55,517 - RASTRIGIN d=2 seed=42 - V0 - INFO - iter=   90 | best=2.252065e-11 | t_eval=0.96ms | no_improve=5/30
2026-03-18 11:44:55,565 - RASTRIGIN d=2 seed=42 - V0 - INFO - iter=  100 | best=7.105427e-14 | t_eval=0.95ms | no_improve=15/30
2026-03-18 11:44:55,609 - RASTRIGIN d=2 seed=42 - V0 - INFO - iter=  110 | best=2.131628e-14 | t_eval=0.89ms | no_improve=25/30
2026-03-18 11:44:55,624 - RASTRIGIN d=2 seed=42 - V0 - INFO - Early stop at iter=115 (no improvement for 30 iters)
2026-03-18 11:44:55,624 - RASTRIGIN d=2 seed=42 - V0 - INFO - PSO done  | best=2.131628e-14 | iters=116 | total=0.5138s | t_eval=0.1611s (31.4%) | t_update=0.3386s (65.9%)
2026-03-18 11:44:55,631 - RASTRIGIN d=2 seed=42 - V1 - INFO - PSO start | seed=42 w=0.7 c1=1.5 c2=1.5 n_particles=80 max_iters=500
2026-03-18 11:44:55,640 - RASTRIGIN d=2 seed=42 - V1 - INFO - iter=    0 | best=4.995815e+00 | t_eval=9.20ms | no_improve=0/30
2026-03-18 11:44:55,718 - RASTRIGIN d=2 seed=42 - V1 - INFO - iter=   10 | best=2.464186e-01 | t_eval=4.08ms | no_improve=7/30
2026-03-18 11:44:55,796 - RASTRIGIN d=2 seed=42 - V1 - INFO - iter=   20 | best=7.139904e-03 | t_eval=6.39ms | no_improve=1/30
2026-03-18 11:44:55,857 - RASTRIGIN d=2 seed=42 - V1 - INFO - iter=   30 | best=3.262970e-04 | t_eval=3.89ms | no_improve=1/30
2026-03-18 11:44:55,956 - RASTRIGIN d=2 seed=42 - V1 - INFO - iter=   40 | best=7.823792e-06 | t_eval=4.96ms | no_improve=5/30
2026-03-18 11:44:56,040 - RASTRIGIN d=2 seed=42 - V1 - INFO - iter=   50 | best=4.442687e-06 | t_eval=7.31ms | no_improve=6/30
2026-03-18 11:44:56,161 - RASTRIGIN d=2 seed=42 - V1 - INFO - iter=   60 | best=2.305164e-09 | t_eval=4.21ms | no_improve=4/30
2026-03-18 11:44:56,246 - RASTRIGIN d=2 seed=42 - V1 - INFO - iter=   70 | best=1.882306e-09 | t_eval=10.75ms | no_improve=1/30
2026-03-18 11:44:56,340 - RASTRIGIN d=2 seed=42 - V1 - INFO - iter=   80 | best=8.835315e-10 | t_eval=7.28ms | no_improve=8/30
2026-03-18 11:44:56,417 - RASTRIGIN d=2 seed=42 - V1 - INFO - iter=   90 | best=2.252065e-11 | t_eval=4.80ms | no_improve=5/30
2026-03-18 11:44:56,494 - RASTRIGIN d=2 seed=42 - V1 - INFO - iter=  100 | best=7.105427e-14 | t_eval=6.76ms | no_improve=15/30
2026-03-18 11:44:56,575 - RASTRIGIN d=2 seed=42 - V1 - INFO - iter=  110 | best=2.131628e-14 | t_eval=6.73ms | no_improve=25/30
2026-03-18 11:44:56,620 - RASTRIGIN d=2 seed=42 - V1 - INFO - Early stop at iter=115 (no improvement for 30 iters)
2026-03-18 11:44:56,621 - RASTRIGIN d=2 seed=42 - V1 - INFO - PSO done  | best=2.131628e-14 | iters=116 | total=0.9901s | t_eval=0.6624s (66.9%) | t_update=0.3137s (31.7%)
2026-03-18 11:44:57,423 - RASTRIGIN d=2 seed=42 - RUN - INFO - V0  fit=2.131628e-14 iters=116 time=0.5138s eval=31.4% update=65.9%
2026-03-18 11:44:57,423 - RASTRIGIN d=2 seed=42 - RUN - INFO - V1  fit=2.131628e-14 iters=116 time=0.9901s eval=66.9% update=31.7% speedup=0.519x
2026-03-18 11:44:57,423 - RASTRIGIN d=2 seed=42 - RUN - INFO - PySwarm fit=1.166547e-07 time=0.8004s
2026-03-18 11:44:57,423 - RASTRIGIN d=2 seed=42 - RUN - INFO - Winner: V0 Sequential
2026-03-18 11:44:58,483 - RASTRIGIN d=10 seed=42 - RUN - INFO - Hyperparams: source=fixed_config w=0.7 c1=1.5 c2=1.5 n=80
2026-03-18 11:44:58,495 - RASTRIGIN d=10 seed=42 - V0 - INFO - PSO start | seed=42 w=0.7 c1=1.5 c2=1.5 n_particles=80 max_iters=500
2026-03-18 11:44:58,497 - RASTRIGIN d=10 seed=42 - V0 - INFO - iter=    0 | best=1.259517e+02 | t_eval=1.54ms | no_improve=0/30
2026-03-18 11:44:58,569 - RASTRIGIN d=10 seed=42 - V0 - INFO - iter=   10 | best=4.030154e+01 | t_eval=1.37ms | no_improve=4/30
2026-03-18 11:44:58,667 - RASTRIGIN d=10 seed=42 - V0 - INFO - iter=   20 | best=2.533902e+01 | t_eval=3.02ms | no_improve=0/30
2026-03-18 11:44:58,960 - RASTRIGIN d=10 seed=42 - V0 - INFO - iter=   30 | best=1.858251e+01 | t_eval=2.00ms | no_improve=0/30
2026-03-18 11:44:59,051 - RASTRIGIN d=10 seed=42 - V0 - INFO - iter=   40 | best=1.500342e+01 | t_eval=2.57ms | no_improve=2/30
2026-03-18 11:44:59,310 - RASTRIGIN d=10 seed=42 - V0 - INFO - iter=   50 | best=1.272535e+01 | t_eval=2.45ms | no_improve=1/30
2026-03-18 11:44:59,524 - RASTRIGIN d=10 seed=42 - V0 - INFO - iter=   60 | best=1.143688e+01 | t_eval=3.42ms | no_improve=1/30
2026-03-18 11:44:59,711 - RASTRIGIN d=10 seed=42 - V0 - INFO - iter=   70 | best=1.068384e+01 | t_eval=2.22ms | no_improve=1/30
2026-03-18 11:44:59,817 - RASTRIGIN d=10 seed=42 - V0 - INFO - iter=   80 | best=1.017282e+01 | t_eval=2.30ms | no_improve=0/30
2026-03-18 11:44:59,916 - RASTRIGIN d=10 seed=42 - V0 - INFO - iter=   90 | best=1.002993e+01 | t_eval=2.42ms | no_improve=0/30
2026-03-18 11:45:00,005 - RASTRIGIN d=10 seed=42 - V0 - INFO - iter=  100 | best=7.145559e+00 | t_eval=2.27ms | no_improve=0/30
2026-03-18 11:45:00,084 - RASTRIGIN d=10 seed=42 - V0 - INFO - iter=  110 | best=6.075016e+00 | t_eval=3.88ms | no_improve=4/30
2026-03-18 11:45:00,138 - RASTRIGIN d=10 seed=42 - V0 - INFO - iter=  120 | best=5.997606e+00 | t_eval=3.52ms | no_improve=0/30
2026-03-18 11:45:00,200 - RASTRIGIN d=10 seed=42 - V0 - INFO - iter=  130 | best=5.980067e+00 | t_eval=1.19ms | no_improve=0/30
2026-03-18 11:45:00,312 - RASTRIGIN d=10 seed=42 - V0 - INFO - iter=  140 | best=5.972858e+00 | t_eval=1.68ms | no_improve=0/30
2026-03-18 11:45:00,407 - RASTRIGIN d=10 seed=42 - V0 - INFO - iter=  150 | best=5.971249e+00 | t_eval=1.22ms | no_improve=0/30
2026-03-18 11:45:00,509 - RASTRIGIN d=10 seed=42 - V0 - INFO - iter=  160 | best=5.970007e+00 | t_eval=1.39ms | no_improve=1/30
2026-03-18 11:45:00,605 - RASTRIGIN d=10 seed=42 - V0 - INFO - iter=  170 | best=5.969815e+00 | t_eval=1.20ms | no_improve=0/30
2026-03-18 11:45:00,658 - RASTRIGIN d=10 seed=42 - V0 - INFO - iter=  180 | best=5.969771e+00 | t_eval=1.15ms | no_improve=0/30
2026-03-18 11:45:00,715 - RASTRIGIN d=10 seed=42 - V0 - INFO - iter=  190 | best=5.969758e+00 | t_eval=2.06ms | no_improve=0/30
2026-03-18 11:45:00,795 - RASTRIGIN d=10 seed=42 - V0 - INFO - iter=  200 | best=5.969755e+00 | t_eval=2.35ms | no_improve=0/30
2026-03-18 11:45:00,859 - RASTRIGIN d=10 seed=42 - V0 - INFO - iter=  210 | best=5.969754e+00 | t_eval=2.09ms | no_improve=0/30
2026-03-18 11:45:00,910 - RASTRIGIN d=10 seed=42 - V0 - INFO - iter=  220 | best=5.969754e+00 | t_eval=0.99ms | no_improve=0/30
2026-03-18 11:45:00,953 - RASTRIGIN d=10 seed=42 - V0 - INFO - iter=  230 | best=5.969754e+00 | t_eval=0.96ms | no_improve=0/30
2026-03-18 11:45:00,989 - RASTRIGIN d=10 seed=42 - V0 - INFO - iter=  240 | best=5.969754e+00 | t_eval=2.01ms | no_improve=0/30
2026-03-18 11:45:01,027 - RASTRIGIN d=10 seed=42 - V0 - INFO - iter=  250 | best=5.969754e+00 | t_eval=0.91ms | no_improve=2/30
2026-03-18 11:45:01,064 - RASTRIGIN d=10 seed=42 - V0 - INFO - iter=  260 | best=5.969754e+00 | t_eval=0.93ms | no_improve=5/30
2026-03-18 11:45:01,105 - RASTRIGIN d=10 seed=42 - V0 - INFO - iter=  270 | best=5.969754e+00 | t_eval=0.91ms | no_improve=15/30
2026-03-18 11:45:01,144 - RASTRIGIN d=10 seed=42 - V0 - INFO - iter=  280 | best=5.969754e+00 | t_eval=2.07ms | no_improve=25/30
2026-03-18 11:45:01,163 - RASTRIGIN d=10 seed=42 - V0 - INFO - Early stop at iter=285 (no improvement for 30 iters)
2026-03-18 11:45:01,163 - RASTRIGIN d=10 seed=42 - V0 - INFO - PSO done  | best=5.969754e+00 | iters=286 | total=2.6686s | t_eval=0.8214s (30.8%) | t_update=1.7899s (67.1%)
2026-03-18 11:45:01,169 - RASTRIGIN d=10 seed=42 - V1 - INFO - PSO start | seed=42 w=0.7 c1=1.5 c2=1.5 n_particles=80 max_iters=500
2026-03-18 11:45:01,175 - RASTRIGIN d=10 seed=42 - V1 - INFO - iter=    0 | best=1.259517e+02 | t_eval=5.62ms | no_improve=0/30
2026-03-18 11:45:01,268 - RASTRIGIN d=10 seed=42 - V1 - INFO - iter=   10 | best=4.030154e+01 | t_eval=4.66ms | no_improve=4/30
2026-03-18 11:45:01,363 - RASTRIGIN d=10 seed=42 - V1 - INFO - iter=   20 | best=2.533902e+01 | t_eval=4.11ms | no_improve=0/30
2026-03-18 11:45:01,453 - RASTRIGIN d=10 seed=42 - V1 - INFO - iter=   30 | best=1.858251e+01 | t_eval=4.72ms | no_improve=0/30
2026-03-18 11:45:01,532 - RASTRIGIN d=10 seed=42 - V1 - INFO - iter=   40 | best=1.500342e+01 | t_eval=4.31ms | no_improve=2/30
2026-03-18 11:45:01,605 - RASTRIGIN d=10 seed=42 - V1 - INFO - iter=   50 | best=1.272535e+01 | t_eval=4.23ms | no_improve=1/30
2026-03-18 11:45:01,696 - RASTRIGIN d=10 seed=42 - V1 - INFO - iter=   60 | best=1.143688e+01 | t_eval=9.28ms | no_improve=1/30
2026-03-18 11:45:01,871 - RASTRIGIN d=10 seed=42 - V1 - INFO - iter=   70 | best=1.068384e+01 | t_eval=8.37ms | no_improve=1/30
2026-03-18 11:45:02,007 - RASTRIGIN d=10 seed=42 - V1 - INFO - iter=   80 | best=1.017282e+01 | t_eval=5.17ms | no_improve=0/30
2026-03-18 11:45:02,100 - RASTRIGIN d=10 seed=42 - V1 - INFO - iter=   90 | best=1.002993e+01 | t_eval=4.96ms | no_improve=0/30
2026-03-18 11:45:02,236 - RASTRIGIN d=10 seed=42 - V1 - INFO - iter=  100 | best=7.145559e+00 | t_eval=7.48ms | no_improve=0/30
2026-03-18 11:45:02,382 - RASTRIGIN d=10 seed=42 - V1 - INFO - iter=  110 | best=6.075016e+00 | t_eval=9.89ms | no_improve=4/30
2026-03-18 11:45:02,506 - RASTRIGIN d=10 seed=42 - V1 - INFO - iter=  120 | best=5.997606e+00 | t_eval=6.19ms | no_improve=0/30
2026-03-18 11:45:02,639 - RASTRIGIN d=10 seed=42 - V1 - INFO - iter=  130 | best=5.980067e+00 | t_eval=10.96ms | no_improve=0/30
2026-03-18 11:45:02,733 - RASTRIGIN d=10 seed=42 - V1 - INFO - iter=  140 | best=5.972858e+00 | t_eval=5.39ms | no_improve=0/30
2026-03-18 11:45:02,831 - RASTRIGIN d=10 seed=42 - V1 - INFO - iter=  150 | best=5.971249e+00 | t_eval=6.41ms | no_improve=0/30
2026-03-18 11:45:02,962 - RASTRIGIN d=10 seed=42 - V1 - INFO - iter=  160 | best=5.970007e+00 | t_eval=6.22ms | no_improve=1/30
2026-03-18 11:45:03,127 - RASTRIGIN d=10 seed=42 - V1 - INFO - iter=  170 | best=5.969815e+00 | t_eval=72.87ms | no_improve=0/30
2026-03-18 11:45:03,260 - RASTRIGIN d=10 seed=42 - V1 - INFO - iter=  180 | best=5.969771e+00 | t_eval=7.71ms | no_improve=0/30
2026-03-18 11:45:03,391 - RASTRIGIN d=10 seed=42 - V1 - INFO - iter=  190 | best=5.969758e+00 | t_eval=6.88ms | no_improve=0/30
2026-03-18 11:45:03,505 - RASTRIGIN d=10 seed=42 - V1 - INFO - iter=  200 | best=5.969755e+00 | t_eval=5.98ms | no_improve=0/30
2026-03-18 11:45:03,610 - RASTRIGIN d=10 seed=42 - V1 - INFO - iter=  210 | best=5.969754e+00 | t_eval=6.73ms | no_improve=0/30
2026-03-18 11:45:03,722 - RASTRIGIN d=10 seed=42 - V1 - INFO - iter=  220 | best=5.969754e+00 | t_eval=8.29ms | no_improve=0/30
2026-03-18 11:45:03,832 - RASTRIGIN d=10 seed=42 - V1 - INFO - iter=  230 | best=5.969754e+00 | t_eval=8.90ms | no_improve=0/30
2026-03-18 11:45:03,976 - RASTRIGIN d=10 seed=42 - V1 - INFO - iter=  240 | best=5.969754e+00 | t_eval=10.30ms | no_improve=0/30
2026-03-18 11:45:04,105 - RASTRIGIN d=10 seed=42 - V1 - INFO - iter=  250 | best=5.969754e+00 | t_eval=7.45ms | no_improve=2/30
2026-03-18 11:45:04,223 - RASTRIGIN d=10 seed=42 - V1 - INFO - iter=  260 | best=5.969754e+00 | t_eval=17.24ms | no_improve=5/30
2026-03-18 11:45:04,332 - RASTRIGIN d=10 seed=42 - V1 - INFO - iter=  270 | best=5.969754e+00 | t_eval=4.10ms | no_improve=15/30
2026-03-18 11:45:04,412 - RASTRIGIN d=10 seed=42 - V1 - INFO - iter=  280 | best=5.969754e+00 | t_eval=4.86ms | no_improve=25/30
2026-03-18 11:45:04,450 - RASTRIGIN d=10 seed=42 - V1 - INFO - Early stop at iter=285 (no improvement for 30 iters)
2026-03-18 11:45:04,450 - RASTRIGIN d=10 seed=42 - V1 - INFO - PSO done  | best=5.969754e+00 | iters=286 | total=3.2818s | t_eval=2.2079s (67.3%) | t_update=1.0288s (31.3%)
2026-03-18 11:45:05,415 - RASTRIGIN d=10 seed=42 - RUN - INFO - V0  fit=5.969754e+00 iters=286 time=2.6686s eval=30.8% update=67.1%
2026-03-18 11:45:05,415 - RASTRIGIN d=10 seed=42 - RUN - INFO - V1  fit=5.969754e+00 iters=286 time=3.2818s eval=67.3% update=31.3% speedup=0.813x
2026-03-18 11:45:05,415 - RASTRIGIN d=10 seed=42 - RUN - INFO - PySwarm fit=3.979837e+00 time=0.9641s
2026-03-18 11:45:05,415 - RASTRIGIN d=10 seed=42 - RUN - INFO - Winner: PySwarm
2026-03-18 11:45:06,123 - RASTRIGIN d=30 seed=42 - RUN - INFO - Hyperparams: source=fixed_config w=0.7 c1=1.5 c2=1.5 n=80
2026-03-18 11:45:06,135 - RASTRIGIN d=30 seed=42 - V0 - INFO - PSO start | seed=42 w=0.7 c1=1.5 c2=1.5 n_particles=80 max_iters=500
2026-03-18 11:45:06,140 - RASTRIGIN d=30 seed=42 - V0 - INFO - iter=    0 | best=4.043539e+02 | t_eval=4.12ms | no_improve=0/30
2026-03-18 11:45:06,200 - RASTRIGIN d=30 seed=42 - V0 - INFO - iter=   10 | best=2.679039e+02 | t_eval=1.10ms | no_improve=4/30
2026-03-18 11:45:06,244 - RASTRIGIN d=30 seed=42 - V0 - INFO - iter=   20 | best=2.428546e+02 | t_eval=2.19ms | no_improve=1/30
2026-03-18 11:45:06,286 - RASTRIGIN d=30 seed=42 - V0 - INFO - iter=   30 | best=1.750102e+02 | t_eval=2.27ms | no_improve=3/30
2026-03-18 11:45:06,342 - RASTRIGIN d=30 seed=42 - V0 - INFO - iter=   40 | best=1.619371e+02 | t_eval=2.16ms | no_improve=5/30
2026-03-18 11:45:06,390 - RASTRIGIN d=30 seed=42 - V0 - INFO - iter=   50 | best=1.258557e+02 | t_eval=2.32ms | no_improve=2/30
2026-03-18 11:45:06,438 - RASTRIGIN d=30 seed=42 - V0 - INFO - iter=   60 | best=1.087518e+02 | t_eval=2.03ms | no_improve=0/30
2026-03-18 11:45:06,507 - RASTRIGIN d=30 seed=42 - V0 - INFO - iter=   70 | best=1.007416e+02 | t_eval=1.22ms | no_improve=1/30
2026-03-18 11:45:06,563 - RASTRIGIN d=30 seed=42 - V0 - INFO - iter=   80 | best=9.715349e+01 | t_eval=2.28ms | no_improve=0/30
2026-03-18 11:45:06,634 - RASTRIGIN d=30 seed=42 - V0 - INFO - iter=   90 | best=9.551888e+01 | t_eval=1.70ms | no_improve=1/30
2026-03-18 11:45:06,690 - RASTRIGIN d=30 seed=42 - V0 - INFO - iter=  100 | best=9.434393e+01 | t_eval=2.31ms | no_improve=1/30
2026-03-18 11:45:06,747 - RASTRIGIN d=30 seed=42 - V0 - INFO - iter=  110 | best=9.282027e+01 | t_eval=1.51ms | no_improve=0/30
2026-03-18 11:45:06,809 - RASTRIGIN d=30 seed=42 - V0 - INFO - iter=  120 | best=8.573592e+01 | t_eval=1.36ms | no_improve=6/30
2026-03-18 11:45:06,860 - RASTRIGIN d=30 seed=42 - V0 - INFO - iter=  130 | best=8.537301e+01 | t_eval=2.33ms | no_improve=1/30
2026-03-18 11:45:06,940 - RASTRIGIN d=30 seed=42 - V0 - INFO - iter=  140 | best=8.516290e+01 | t_eval=2.96ms | no_improve=0/30
2026-03-18 11:45:06,999 - RASTRIGIN d=30 seed=42 - V0 - INFO - iter=  150 | best=8.498522e+01 | t_eval=1.18ms | no_improve=0/30
2026-03-18 11:45:07,053 - RASTRIGIN d=30 seed=42 - V0 - INFO - iter=  160 | best=8.477615e+01 | t_eval=1.19ms | no_improve=2/30
2026-03-18 11:45:07,114 - RASTRIGIN d=30 seed=42 - V0 - INFO - iter=  170 | best=8.472153e+01 | t_eval=1.27ms | no_improve=0/30
2026-03-18 11:45:07,177 - RASTRIGIN d=30 seed=42 - V0 - INFO - iter=  180 | best=8.466581e+01 | t_eval=2.70ms | no_improve=0/30
2026-03-18 11:45:07,241 - RASTRIGIN d=30 seed=42 - V0 - INFO - iter=  190 | best=8.459627e+01 | t_eval=2.42ms | no_improve=0/30
2026-03-18 11:45:07,303 - RASTRIGIN d=30 seed=42 - V0 - INFO - iter=  200 | best=8.458092e+01 | t_eval=1.18ms | no_improve=0/30
2026-03-18 11:45:07,358 - RASTRIGIN d=30 seed=42 - V0 - INFO - iter=  210 | best=8.457392e+01 | t_eval=1.25ms | no_improve=0/30
2026-03-18 11:45:07,421 - RASTRIGIN d=30 seed=42 - V0 - INFO - iter=  220 | best=8.457290e+01 | t_eval=2.04ms | no_improve=0/30
2026-03-18 11:45:07,503 - RASTRIGIN d=30 seed=42 - V0 - INFO - iter=  230 | best=8.457207e+01 | t_eval=2.40ms | no_improve=0/30
2026-03-18 11:45:07,560 - RASTRIGIN d=30 seed=42 - V0 - INFO - iter=  240 | best=8.457162e+01 | t_eval=1.36ms | no_improve=2/30
2026-03-18 11:45:07,617 - RASTRIGIN d=30 seed=42 - V0 - INFO - iter=  250 | best=8.457154e+01 | t_eval=1.23ms | no_improve=0/30
2026-03-18 11:45:07,695 - RASTRIGIN d=30 seed=42 - V0 - INFO - iter=  260 | best=8.457141e+01 | t_eval=2.23ms | no_improve=0/30
2026-03-18 11:45:07,817 - RASTRIGIN d=30 seed=42 - V0 - INFO - iter=  270 | best=8.457139e+01 | t_eval=10.47ms | no_improve=3/30
2026-03-18 11:45:08,201 - RASTRIGIN d=30 seed=42 - V0 - INFO - iter=  280 | best=8.457138e+01 | t_eval=3.49ms | no_improve=0/30
2026-03-18 11:45:08,407 - RASTRIGIN d=30 seed=42 - V0 - INFO - iter=  290 | best=8.457137e+01 | t_eval=27.38ms | no_improve=0/30
2026-03-18 11:45:08,536 - RASTRIGIN d=30 seed=42 - V0 - INFO - iter=  300 | best=8.457136e+01 | t_eval=2.05ms | no_improve=0/30
2026-03-18 11:45:08,666 - RASTRIGIN d=30 seed=42 - V0 - INFO - iter=  310 | best=8.457136e+01 | t_eval=4.87ms | no_improve=0/30
2026-03-18 11:45:08,754 - RASTRIGIN d=30 seed=42 - V0 - INFO - iter=  320 | best=8.457136e+01 | t_eval=2.20ms | no_improve=2/30
2026-03-18 11:45:08,818 - RASTRIGIN d=30 seed=42 - V0 - INFO - iter=  330 | best=8.457136e+01 | t_eval=1.66ms | no_improve=4/30
2026-03-18 11:45:08,897 - RASTRIGIN d=30 seed=42 - V0 - INFO - iter=  340 | best=8.457135e+01 | t_eval=1.82ms | no_improve=0/30
2026-03-18 11:45:08,957 - RASTRIGIN d=30 seed=42 - V0 - INFO - iter=  350 | best=8.457135e+01 | t_eval=1.13ms | no_improve=0/30
2026-03-18 11:45:09,011 - RASTRIGIN d=30 seed=42 - V0 - INFO - iter=  360 | best=8.457135e+01 | t_eval=2.71ms | no_improve=0/30
2026-03-18 11:45:09,063 - RASTRIGIN d=30 seed=42 - V0 - INFO - iter=  370 | best=8.457135e+01 | t_eval=1.15ms | no_improve=0/30
2026-03-18 11:45:09,111 - RASTRIGIN d=30 seed=42 - V0 - INFO - iter=  380 | best=8.457135e+01 | t_eval=1.31ms | no_improve=0/30
2026-03-18 11:45:09,164 - RASTRIGIN d=30 seed=42 - V0 - INFO - iter=  390 | best=8.457135e+01 | t_eval=1.14ms | no_improve=0/30
2026-03-18 11:45:09,215 - RASTRIGIN d=30 seed=42 - V0 - INFO - iter=  400 | best=8.457135e+01 | t_eval=1.10ms | no_improve=0/30
2026-03-18 11:45:09,264 - RASTRIGIN d=30 seed=42 - V0 - INFO - iter=  410 | best=8.457135e+01 | t_eval=1.19ms | no_improve=0/30
2026-03-18 11:45:09,329 - RASTRIGIN d=30 seed=42 - V0 - INFO - iter=  420 | best=8.457135e+01 | t_eval=2.23ms | no_improve=2/30
2026-03-18 11:45:09,386 - RASTRIGIN d=30 seed=42 - V0 - INFO - iter=  430 | best=8.457135e+01 | t_eval=2.49ms | no_improve=1/30
2026-03-18 11:45:09,440 - RASTRIGIN d=30 seed=42 - V0 - INFO - iter=  440 | best=8.457135e+01 | t_eval=2.30ms | no_improve=11/30
2026-03-18 11:45:09,493 - RASTRIGIN d=30 seed=42 - V0 - INFO - iter=  450 | best=8.457135e+01 | t_eval=2.62ms | no_improve=21/30
2026-03-18 11:45:09,536 - RASTRIGIN d=30 seed=42 - V0 - INFO - Early stop at iter=459 (no improvement for 30 iters)
2026-03-18 11:45:09,536 - RASTRIGIN d=30 seed=42 - V0 - INFO - PSO done  | best=8.457135e+01 | iters=460 | total=3.4008s | t_eval=1.2611s (37.1%) | t_update=2.0448s (60.1%)
2026-03-18 11:45:09,549 - RASTRIGIN d=30 seed=42 - V1 - INFO - PSO start | seed=42 w=0.7 c1=1.5 c2=1.5 n_particles=80 max_iters=500
2026-03-18 11:45:09,556 - RASTRIGIN d=30 seed=42 - V1 - INFO - iter=    0 | best=4.043539e+02 | t_eval=6.92ms | no_improve=0/30
2026-03-18 11:45:09,674 - RASTRIGIN d=30 seed=42 - V1 - INFO - iter=   10 | best=2.679039e+02 | t_eval=6.99ms | no_improve=4/30
2026-03-18 11:45:09,756 - RASTRIGIN d=30 seed=42 - V1 - INFO - iter=   20 | best=2.428546e+02 | t_eval=4.21ms | no_improve=1/30
2026-03-18 11:45:09,828 - RASTRIGIN d=30 seed=42 - V1 - INFO - iter=   30 | best=1.750102e+02 | t_eval=4.77ms | no_improve=3/30
2026-03-18 11:45:09,910 - RASTRIGIN d=30 seed=42 - V1 - INFO - iter=   40 | best=1.619371e+02 | t_eval=4.94ms | no_improve=5/30
2026-03-18 11:45:10,006 - RASTRIGIN d=30 seed=42 - V1 - INFO - iter=   50 | best=1.258557e+02 | t_eval=4.51ms | no_improve=2/30
2026-03-18 11:45:10,074 - RASTRIGIN d=30 seed=42 - V1 - INFO - iter=   60 | best=1.087518e+02 | t_eval=3.88ms | no_improve=0/30
2026-03-18 11:45:10,146 - RASTRIGIN d=30 seed=42 - V1 - INFO - iter=   70 | best=1.007416e+02 | t_eval=7.87ms | no_improve=1/30
2026-03-18 11:45:10,217 - RASTRIGIN d=30 seed=42 - V1 - INFO - iter=   80 | best=9.715349e+01 | t_eval=4.35ms | no_improve=0/30
2026-03-18 11:45:10,291 - RASTRIGIN d=30 seed=42 - V1 - INFO - iter=   90 | best=9.551888e+01 | t_eval=7.28ms | no_improve=1/30
2026-03-18 11:45:10,360 - RASTRIGIN d=30 seed=42 - V1 - INFO - iter=  100 | best=9.434393e+01 | t_eval=4.05ms | no_improve=1/30
2026-03-18 11:45:10,426 - RASTRIGIN d=30 seed=42 - V1 - INFO - iter=  110 | best=9.282027e+01 | t_eval=4.05ms | no_improve=0/30
2026-03-18 11:45:10,507 - RASTRIGIN d=30 seed=42 - V1 - INFO - iter=  120 | best=8.573592e+01 | t_eval=4.53ms | no_improve=6/30
2026-03-18 11:45:10,582 - RASTRIGIN d=30 seed=42 - V1 - INFO - iter=  130 | best=8.537301e+01 | t_eval=3.92ms | no_improve=1/30
2026-03-18 11:45:10,661 - RASTRIGIN d=30 seed=42 - V1 - INFO - iter=  140 | best=8.516290e+01 | t_eval=4.49ms | no_improve=0/30
2026-03-18 11:45:10,732 - RASTRIGIN d=30 seed=42 - V1 - INFO - iter=  150 | best=8.498522e+01 | t_eval=4.29ms | no_improve=0/30
2026-03-18 11:45:10,810 - RASTRIGIN d=30 seed=42 - V1 - INFO - iter=  160 | best=8.477615e+01 | t_eval=4.45ms | no_improve=2/30
2026-03-18 11:45:10,878 - RASTRIGIN d=30 seed=42 - V1 - INFO - iter=  170 | best=8.472153e+01 | t_eval=5.61ms | no_improve=0/30
2026-03-18 11:45:10,959 - RASTRIGIN d=30 seed=42 - V1 - INFO - iter=  180 | best=8.466581e+01 | t_eval=5.23ms | no_improve=0/30
2026-03-18 11:45:11,037 - RASTRIGIN d=30 seed=42 - V1 - INFO - iter=  190 | best=8.459627e+01 | t_eval=6.90ms | no_improve=0/30
2026-03-18 11:45:11,118 - RASTRIGIN d=30 seed=42 - V1 - INFO - iter=  200 | best=8.458092e+01 | t_eval=4.38ms | no_improve=0/30
2026-03-18 11:45:11,197 - RASTRIGIN d=30 seed=42 - V1 - INFO - iter=  210 | best=8.457392e+01 | t_eval=5.99ms | no_improve=0/30
2026-03-18 11:45:11,275 - RASTRIGIN d=30 seed=42 - V1 - INFO - iter=  220 | best=8.457290e+01 | t_eval=5.23ms | no_improve=0/30
2026-03-18 11:45:11,345 - RASTRIGIN d=30 seed=42 - V1 - INFO - iter=  230 | best=8.457207e+01 | t_eval=6.08ms | no_improve=0/30
2026-03-18 11:45:11,432 - RASTRIGIN d=30 seed=42 - V1 - INFO - iter=  240 | best=8.457162e+01 | t_eval=4.94ms | no_improve=2/30
2026-03-18 11:45:11,527 - RASTRIGIN d=30 seed=42 - V1 - INFO - iter=  250 | best=8.457154e+01 | t_eval=5.19ms | no_improve=0/30
2026-03-18 11:45:11,658 - RASTRIGIN d=30 seed=42 - V1 - INFO - iter=  260 | best=8.457141e+01 | t_eval=8.80ms | no_improve=0/30
2026-03-18 11:45:11,753 - RASTRIGIN d=30 seed=42 - V1 - INFO - iter=  270 | best=8.457139e+01 | t_eval=10.41ms | no_improve=3/30
2026-03-18 11:45:11,846 - RASTRIGIN d=30 seed=42 - V1 - INFO - iter=  280 | best=8.457138e+01 | t_eval=6.82ms | no_improve=0/30
2026-03-18 11:45:11,922 - RASTRIGIN d=30 seed=42 - V1 - INFO - iter=  290 | best=8.457137e+01 | t_eval=4.99ms | no_improve=0/30
2026-03-18 11:45:12,006 - RASTRIGIN d=30 seed=42 - V1 - INFO - iter=  300 | best=8.457136e+01 | t_eval=4.85ms | no_improve=0/30
2026-03-18 11:45:12,101 - RASTRIGIN d=30 seed=42 - V1 - INFO - iter=  310 | best=8.457136e+01 | t_eval=5.12ms | no_improve=0/30
2026-03-18 11:45:12,179 - RASTRIGIN d=30 seed=42 - V1 - INFO - iter=  320 | best=8.457136e+01 | t_eval=4.77ms | no_improve=2/30
2026-03-18 11:45:12,269 - RASTRIGIN d=30 seed=42 - V1 - INFO - iter=  330 | best=8.457136e+01 | t_eval=4.44ms | no_improve=4/30
2026-03-18 11:45:12,343 - RASTRIGIN d=30 seed=42 - V1 - INFO - iter=  340 | best=8.457135e+01 | t_eval=7.82ms | no_improve=0/30
2026-03-18 11:45:12,417 - RASTRIGIN d=30 seed=42 - V1 - INFO - iter=  350 | best=8.457135e+01 | t_eval=4.14ms | no_improve=0/30
2026-03-18 11:45:12,505 - RASTRIGIN d=30 seed=42 - V1 - INFO - iter=  360 | best=8.457135e+01 | t_eval=5.47ms | no_improve=0/30
2026-03-18 11:45:12,617 - RASTRIGIN d=30 seed=42 - V1 - INFO - iter=  370 | best=8.457135e+01 | t_eval=5.48ms | no_improve=0/30
2026-03-18 11:45:12,734 - RASTRIGIN d=30 seed=42 - V1 - INFO - iter=  380 | best=8.457135e+01 | t_eval=7.73ms | no_improve=0/30
2026-03-18 11:45:12,857 - RASTRIGIN d=30 seed=42 - V1 - INFO - iter=  390 | best=8.457135e+01 | t_eval=6.74ms | no_improve=0/30
2026-03-18 11:45:12,969 - RASTRIGIN d=30 seed=42 - V1 - INFO - iter=  400 | best=8.457135e+01 | t_eval=5.89ms | no_improve=0/30
2026-03-18 11:45:13,091 - RASTRIGIN d=30 seed=42 - V1 - INFO - iter=  410 | best=8.457135e+01 | t_eval=9.32ms | no_improve=0/30
2026-03-18 11:45:13,199 - RASTRIGIN d=30 seed=42 - V1 - INFO - iter=  420 | best=8.457135e+01 | t_eval=5.95ms | no_improve=2/30
2026-03-18 11:45:13,310 - RASTRIGIN d=30 seed=42 - V1 - INFO - iter=  430 | best=8.457135e+01 | t_eval=7.50ms | no_improve=1/30
2026-03-18 11:45:13,524 - RASTRIGIN d=30 seed=42 - V1 - INFO - iter=  440 | best=8.457135e+01 | t_eval=9.09ms | no_improve=11/30
2026-03-18 11:45:13,654 - RASTRIGIN d=30 seed=42 - V1 - INFO - iter=  450 | best=8.457135e+01 | t_eval=6.65ms | no_improve=21/30
2026-03-18 11:45:13,760 - RASTRIGIN d=30 seed=42 - V1 - INFO - Early stop at iter=459 (no improvement for 30 iters)
2026-03-18 11:45:13,760 - RASTRIGIN d=30 seed=42 - V1 - INFO - PSO done  | best=8.457135e+01 | iters=460 | total=4.2116s | t_eval=2.8057s (66.6%) | t_update=1.3295s (31.6%)
2026-03-18 11:45:15,761 - RASTRIGIN d=30 seed=42 - RUN - INFO - V0  fit=8.457135e+01 iters=460 time=3.4008s eval=37.1% update=60.1%
2026-03-18 11:45:15,761 - RASTRIGIN d=30 seed=42 - RUN - INFO - V1  fit=8.457135e+01 iters=460 time=4.2116s eval=66.6% update=31.6% speedup=0.807x
2026-03-18 11:45:15,762 - RASTRIGIN d=30 seed=42 - RUN - INFO - PySwarm fit=8.071760e+01 time=2.0004s
2026-03-18 11:45:15,762 - RASTRIGIN d=30 seed=42 - RUN - INFO - Winner: PySwarm
2026-03-18 11:49:09,005 - SPHERE d=2 seed=42 - RUN - INFO - Hyperparams: source=fixed_config w=0.7 c1=1.5 c2=1.5 n=80
2026-03-18 11:49:09,021 - SPHERE d=2 seed=42 - V0 - INFO - PSO start | seed=42 w=0.7 c1=1.5 c2=1.5 n_particles=80 max_iters=500
2026-03-18 11:49:09,459 - SPHERE d=2 seed=42 - V0 - INFO - Early stop at iter=105 (no improvement for 50 iters)
2026-03-18 11:49:09,459 - SPHERE d=2 seed=42 - V0 - INFO - PSO done  | best=2.034020e-15 | iters=106 | total=0.4388s | t_eval=0.0724s (16.5%) | t_update=0.3563s (81.2%)
2026-03-18 11:49:09,465 - SPHERE d=2 seed=42 - V1 - INFO - PSO start | seed=42 w=0.7 c1=1.5 c2=1.5 n_particles=80 max_iters=500
2026-03-18 11:49:10,278 - SPHERE d=2 seed=42 - V1 - INFO - Early stop at iter=105 (no improvement for 50 iters)
2026-03-18 11:49:10,279 - SPHERE d=2 seed=42 - V1 - INFO - PSO done  | best=2.034020e-15 | iters=106 | total=0.8137s | t_eval=0.5007s (61.5%) | t_update=0.3024s (37.2%)
2026-03-18 11:49:10,496 - SPHERE d=2 seed=42 - RUN - INFO - V0  fit=2.034020e-15 iters=106 time=0.4388s eval=16.5% update=81.2%
2026-03-18 11:49:10,496 - SPHERE d=2 seed=42 - RUN - INFO - V1  fit=2.034020e-15 iters=106 time=0.8137s eval=61.5% update=37.2% speedup=0.539x
2026-03-18 11:49:10,496 - SPHERE d=2 seed=42 - RUN - INFO - PySwarm fit=1.940477e-08 time=0.2163s
2026-03-18 11:49:10,496 - SPHERE d=2 seed=42 - RUN - INFO - Winner: V0 Sequential
2026-03-18 11:49:12,915 - SPHERE d=2 seed=7 - RUN - INFO - Hyperparams: source=fixed_config w=0.7 c1=1.5 c2=1.5 n=80
2026-03-18 11:49:12,919 - SPHERE d=2 seed=7 - V0 - INFO - PSO start | seed=7 w=0.7 c1=1.5 c2=1.5 n_particles=80 max_iters=500
2026-03-18 11:49:13,297 - SPHERE d=2 seed=7 - V0 - INFO - Early stop at iter=107 (no improvement for 50 iters)
2026-03-18 11:49:13,298 - SPHERE d=2 seed=7 - V0 - INFO - PSO done  | best=1.233623e-16 | iters=108 | total=0.3786s | t_eval=0.0632s (16.7%) | t_update=0.3058s (80.8%)
2026-03-18 11:49:13,302 - SPHERE d=2 seed=7 - V1 - INFO - PSO start | seed=7 w=0.7 c1=1.5 c2=1.5 n_particles=80 max_iters=500
2026-03-18 11:49:14,637 - SPHERE d=2 seed=7 - V1 - INFO - Early stop at iter=107 (no improvement for 50 iters)
2026-03-18 11:49:14,637 - SPHERE d=2 seed=7 - V1 - INFO - PSO done  | best=1.233623e-16 | iters=108 | total=1.3348s | t_eval=0.8770s (65.7%) | t_update=0.4442s (33.3%)
2026-03-18 11:49:14,821 - SPHERE d=2 seed=7 - RUN - INFO - V0  fit=1.233623e-16 iters=108 time=0.3786s eval=16.7% update=80.8%
2026-03-18 11:49:14,821 - SPHERE d=2 seed=7 - RUN - INFO - V1  fit=1.233623e-16 iters=108 time=1.3348s eval=65.7% update=33.3% speedup=0.284x
2026-03-18 11:49:14,821 - SPHERE d=2 seed=7 - RUN - INFO - PySwarm fit=2.353003e-07 time=0.1831s
2026-03-18 11:49:14,821 - SPHERE d=2 seed=7 - RUN - INFO - Winner: V0 Sequential
2026-03-18 11:49:15,588 - SPHERE d=10 seed=42 - RUN - INFO - Hyperparams: source=fixed_config w=0.7 c1=1.5 c2=1.5 n=80
2026-03-18 11:49:15,596 - SPHERE d=10 seed=42 - V0 - INFO - PSO start | seed=42 w=0.7 c1=1.5 c2=1.5 n_particles=80 max_iters=500
2026-03-18 11:49:16,441 - SPHERE d=10 seed=42 - V0 - INFO - Early stop at iter=186 (no improvement for 50 iters)
2026-03-18 11:49:16,441 - SPHERE d=10 seed=42 - V0 - INFO - PSO done  | best=1.295445e-13 | iters=187 | total=0.8450s | t_eval=0.1366s (16.2%) | t_update=0.6871s (81.3%)
2026-03-18 11:49:16,448 - SPHERE d=10 seed=42 - V1 - INFO - PSO start | seed=42 w=0.7 c1=1.5 c2=1.5 n_particles=80 max_iters=500
2026-03-18 11:49:18,679 - SPHERE d=10 seed=42 - V1 - INFO - Early stop at iter=186 (no improvement for 50 iters)
2026-03-18 11:49:18,680 - SPHERE d=10 seed=42 - V1 - INFO - PSO done  | best=1.295445e-13 | iters=187 | total=2.2315s | t_eval=1.4577s (65.3%) | t_update=0.7468s (33.5%)
2026-03-18 11:49:18,977 - SPHERE d=10 seed=42 - RUN - INFO - V0  fit=1.295445e-13 iters=187 time=0.8450s eval=16.2% update=81.3%
2026-03-18 11:49:18,977 - SPHERE d=10 seed=42 - RUN - INFO - V1  fit=1.295445e-13 iters=187 time=2.2315s eval=65.3% update=33.5% speedup=0.379x
2026-03-18 11:49:18,977 - SPHERE d=10 seed=42 - RUN - INFO - PySwarm fit=2.321224e-06 time=0.2964s
2026-03-18 11:49:18,977 - SPHERE d=10 seed=42 - RUN - INFO - Winner: V0 Sequential
2026-03-18 11:49:19,683 - SPHERE d=10 seed=7 - RUN - INFO - Hyperparams: source=fixed_config w=0.7 c1=1.5 c2=1.5 n=80
2026-03-18 11:49:19,690 - SPHERE d=10 seed=7 - V0 - INFO - PSO start | seed=7 w=0.7 c1=1.5 c2=1.5 n_particles=80 max_iters=500
2026-03-18 11:49:20,672 - SPHERE d=10 seed=7 - V0 - INFO - Early stop at iter=199 (no improvement for 50 iters)
2026-03-18 11:49:20,672 - SPHERE d=10 seed=7 - V0 - INFO - PSO done  | best=2.489202e-14 | iters=200 | total=0.9823s | t_eval=0.1671s (17.0%) | t_update=0.7921s (80.6%)
2026-03-18 11:49:20,699 - SPHERE d=10 seed=7 - V1 - INFO - PSO start | seed=7 w=0.7 c1=1.5 c2=1.5 n_particles=80 max_iters=500
2026-03-18 11:49:24,344 - SPHERE d=10 seed=7 - V1 - INFO - Early stop at iter=199 (no improvement for 50 iters)
2026-03-18 11:49:24,344 - SPHERE d=10 seed=7 - V1 - INFO - PSO done  | best=2.489202e-14 | iters=200 | total=3.6455s | t_eval=2.3704s (65.0%) | t_update=1.2344s (33.9%)
2026-03-18 11:49:25,122 - SPHERE d=10 seed=7 - RUN - INFO - V0  fit=2.489202e-14 iters=200 time=0.9823s eval=17.0% update=80.6%
2026-03-18 11:49:25,122 - SPHERE d=10 seed=7 - RUN - INFO - V1  fit=2.489202e-14 iters=200 time=3.6455s eval=65.0% update=33.9% speedup=0.269x
2026-03-18 11:49:25,122 - SPHERE d=10 seed=7 - RUN - INFO - PySwarm fit=1.528435e-06 time=0.7765s
2026-03-18 11:49:25,122 - SPHERE d=10 seed=7 - RUN - INFO - Winner: V0 Sequential
2026-03-18 11:49:26,205 - SPHERE d=30 seed=42 - RUN - INFO - Hyperparams: source=fixed_config w=0.7 c1=1.5 c2=1.5 n=80
2026-03-18 11:49:26,214 - SPHERE d=30 seed=42 - V0 - INFO - PSO start | seed=42 w=0.7 c1=1.5 c2=1.5 n_particles=80 max_iters=500
2026-03-18 11:49:28,298 - SPHERE d=30 seed=42 - V0 - INFO - Early stop at iter=417 (no improvement for 50 iters)
2026-03-18 11:49:28,298 - SPHERE d=30 seed=42 - V0 - INFO - PSO done  | best=2.263483e-11 | iters=418 | total=2.0847s | t_eval=0.2963s (14.2%) | t_update=1.7288s (82.9%)
2026-03-18 11:49:28,303 - SPHERE d=30 seed=42 - V1 - INFO - PSO start | seed=42 w=0.7 c1=1.5 c2=1.5 n_particles=80 max_iters=500
2026-03-18 11:49:31,110 - SPHERE d=30 seed=42 - V1 - INFO - Early stop at iter=417 (no improvement for 50 iters)
2026-03-18 11:49:31,110 - SPHERE d=30 seed=42 - V1 - INFO - PSO done  | best=2.263483e-11 | iters=418 | total=2.8065s | t_eval=1.7638s (62.8%) | t_update=1.0025s (35.7%)
2026-03-18 11:49:31,969 - SPHERE d=30 seed=42 - RUN - INFO - V0  fit=2.263483e-11 iters=418 time=2.0847s eval=14.2% update=82.9%
2026-03-18 11:49:31,969 - SPHERE d=30 seed=42 - RUN - INFO - V1  fit=2.263483e-11 iters=418 time=2.8065s eval=62.8% update=35.7% speedup=0.743x
2026-03-18 11:49:31,969 - SPHERE d=30 seed=42 - RUN - INFO - PySwarm fit=1.658082e-06 time=0.8586s
2026-03-18 11:49:31,970 - SPHERE d=30 seed=42 - RUN - INFO - Winner: V0 Sequential
2026-03-18 11:49:32,723 - SPHERE d=30 seed=7 - RUN - INFO - Hyperparams: source=fixed_config w=0.7 c1=1.5 c2=1.5 n=80
2026-03-18 11:49:32,740 - SPHERE d=30 seed=7 - V0 - INFO - PSO start | seed=7 w=0.7 c1=1.5 c2=1.5 n_particles=80 max_iters=500
2026-03-18 11:49:35,704 - SPHERE d=30 seed=7 - V0 - INFO - Early stop at iter=419 (no improvement for 50 iters)
2026-03-18 11:49:35,706 - SPHERE d=30 seed=7 - V0 - INFO - PSO done  | best=3.458042e-11 | iters=420 | total=2.9657s | t_eval=0.4299s (14.5%) | t_update=2.4496s (82.6%)
2026-03-18 11:49:35,718 - SPHERE d=30 seed=7 - V1 - INFO - PSO start | seed=7 w=0.7 c1=1.5 c2=1.5 n_particles=80 max_iters=500
2026-03-18 11:49:40,223 - SPHERE d=30 seed=7 - V1 - INFO - Early stop at iter=419 (no improvement for 50 iters)
2026-03-18 11:49:40,223 - SPHERE d=30 seed=7 - V1 - INFO - PSO done  | best=3.458042e-11 | iters=420 | total=4.5053s | t_eval=2.7834s (61.8%) | t_update=1.6258s (36.1%)
2026-03-18 11:49:40,890 - SPHERE d=30 seed=7 - RUN - INFO - V0  fit=3.458042e-11 iters=420 time=2.9657s eval=14.5% update=82.6%
2026-03-18 11:49:40,890 - SPHERE d=30 seed=7 - RUN - INFO - V1  fit=3.458042e-11 iters=420 time=4.5053s eval=61.8% update=36.1% speedup=0.658x
2026-03-18 11:49:40,890 - SPHERE d=30 seed=7 - RUN - INFO - PySwarm fit=2.264792e-06 time=0.6661s
2026-03-18 11:49:40,890 - SPHERE d=30 seed=7 - RUN - INFO - Winner: V0 Sequential
2026-03-18 11:49:41,492 - ACKLEY d=2 seed=42 - RUN - INFO - Hyperparams: source=fixed_config w=0.7 c1=1.5 c2=1.5 n=80
2026-03-18 11:49:41,501 - ACKLEY d=2 seed=42 - V0 - INFO - PSO start | seed=42 w=0.7 c1=1.5 c2=1.5 n_particles=80 max_iters=500
2026-03-18 11:49:43,011 - ACKLEY d=2 seed=42 - V0 - INFO - Early stop at iter=213 (no improvement for 50 iters)
2026-03-18 11:49:43,011 - ACKLEY d=2 seed=42 - V0 - INFO - PSO done  | best=2.917666e-13 | iters=214 | total=1.5106s | t_eval=0.5426s (35.9%) | t_update=0.9389s (62.2%)
2026-03-18 11:49:43,019 - ACKLEY d=2 seed=42 - V1 - INFO - PSO start | seed=42 w=0.7 c1=1.5 c2=1.5 n_particles=80 max_iters=500
2026-03-18 11:49:45,112 - ACKLEY d=2 seed=42 - V1 - INFO - Early stop at iter=213 (no improvement for 50 iters)
2026-03-18 11:49:45,112 - ACKLEY d=2 seed=42 - V1 - INFO - PSO done  | best=2.917666e-13 | iters=214 | total=2.0926s | t_eval=1.4394s (68.8%) | t_update=0.6294s (30.1%)
2026-03-18 11:49:46,102 - ACKLEY d=2 seed=42 - RUN - INFO - V0  fit=2.917666e-13 iters=214 time=1.5106s eval=35.9% update=62.2%
2026-03-18 11:49:46,103 - ACKLEY d=2 seed=42 - RUN - INFO - V1  fit=2.917666e-13 iters=214 time=2.0926s eval=68.8% update=30.1% speedup=0.722x
2026-03-18 11:49:46,103 - ACKLEY d=2 seed=42 - RUN - INFO - PySwarm fit=7.127655e-08 time=0.9894s
2026-03-18 11:49:46,103 - ACKLEY d=2 seed=42 - RUN - INFO - Winner: V0 Sequential
2026-03-18 11:49:47,458 - ACKLEY d=2 seed=7 - RUN - INFO - Hyperparams: source=fixed_config w=0.7 c1=1.5 c2=1.5 n=80
2026-03-18 11:49:47,467 - ACKLEY d=2 seed=7 - V0 - INFO - PSO start | seed=7 w=0.7 c1=1.5 c2=1.5 n_particles=80 max_iters=500
2026-03-18 11:49:49,743 - ACKLEY d=2 seed=7 - V0 - INFO - Early stop at iter=201 (no improvement for 50 iters)
2026-03-18 11:49:49,743 - ACKLEY d=2 seed=7 - V0 - INFO - PSO done  | best=4.978240e-13 | iters=202 | total=2.2761s | t_eval=0.9123s (40.1%) | t_update=1.3316s (58.5%)
2026-03-18 11:49:49,747 - ACKLEY d=2 seed=7 - V1 - INFO - PSO start | seed=7 w=0.7 c1=1.5 c2=1.5 n_particles=80 max_iters=500
2026-03-18 11:49:51,877 - ACKLEY d=2 seed=7 - V1 - INFO - Early stop at iter=201 (no improvement for 50 iters)
2026-03-18 11:49:51,877 - ACKLEY d=2 seed=7 - V1 - INFO - PSO done  | best=4.978240e-13 | iters=202 | total=2.1299s | t_eval=1.4648s (68.8%) | t_update=0.6417s (30.1%)
2026-03-18 11:49:52,842 - ACKLEY d=2 seed=7 - RUN - INFO - V0  fit=4.978240e-13 iters=202 time=2.2761s eval=40.1% update=58.5%
2026-03-18 11:49:52,842 - ACKLEY d=2 seed=7 - RUN - INFO - V1  fit=4.978240e-13 iters=202 time=2.1299s eval=68.8% update=30.1% speedup=1.069x
2026-03-18 11:49:52,842 - ACKLEY d=2 seed=7 - RUN - INFO - PySwarm fit=1.013423e-07 time=0.9634s
2026-03-18 11:49:52,842 - ACKLEY d=2 seed=7 - RUN - INFO - Winner: V1 Threading
2026-03-18 11:49:53,868 - ACKLEY d=10 seed=42 - RUN - INFO - Hyperparams: source=fixed_config w=0.7 c1=1.5 c2=1.5 n=80
2026-03-18 11:49:53,883 - ACKLEY d=10 seed=42 - V0 - INFO - PSO start | seed=42 w=0.7 c1=1.5 c2=1.5 n_particles=80 max_iters=500
2026-03-18 11:49:56,390 - ACKLEY d=10 seed=42 - V0 - INFO - Early stop at iter=342 (no improvement for 50 iters)
2026-03-18 11:49:56,390 - ACKLEY d=10 seed=42 - V0 - INFO - PSO done  | best=2.298295e-11 | iters=343 | total=2.5076s | t_eval=1.0691s (42.6%) | t_update=1.3929s (55.5%)
2026-03-18 11:49:56,395 - ACKLEY d=10 seed=42 - V1 - INFO - PSO start | seed=42 w=0.7 c1=1.5 c2=1.5 n_particles=80 max_iters=500
2026-03-18 11:49:59,166 - ACKLEY d=10 seed=42 - V1 - INFO - Early stop at iter=342 (no improvement for 50 iters)
2026-03-18 11:49:59,166 - ACKLEY d=10 seed=42 - V1 - INFO - PSO done  | best=2.298295e-11 | iters=343 | total=2.7708s | t_eval=1.9247s (69.5%) | t_update=0.8128s (29.3%)
2026-03-18 11:49:59,993 - ACKLEY d=10 seed=42 - RUN - INFO - V0  fit=2.298295e-11 iters=343 time=2.5076s eval=42.6% update=55.5%
2026-03-18 11:49:59,993 - ACKLEY d=10 seed=42 - RUN - INFO - V1  fit=2.298295e-11 iters=343 time=2.7708s eval=69.5% update=29.3% speedup=0.905x
2026-03-18 11:49:59,994 - ACKLEY d=10 seed=42 - RUN - INFO - PySwarm fit=3.419778e-06 time=0.8268s
2026-03-18 11:49:59,994 - ACKLEY d=10 seed=42 - RUN - INFO - Winner: V0 Sequential
2026-03-18 11:50:00,644 - ACKLEY d=10 seed=7 - RUN - INFO - Hyperparams: source=fixed_config w=0.7 c1=1.5 c2=1.5 n=80
2026-03-18 11:50:00,648 - ACKLEY d=10 seed=7 - V0 - INFO - PSO start | seed=7 w=0.7 c1=1.5 c2=1.5 n_particles=80 max_iters=500
2026-03-18 11:50:03,437 - ACKLEY d=10 seed=7 - V0 - INFO - Early stop at iter=328 (no improvement for 50 iters)
2026-03-18 11:50:03,438 - ACKLEY d=10 seed=7 - V0 - INFO - PSO done  | best=5.247802e-12 | iters=329 | total=2.7895s | t_eval=1.0854s (38.9%) | t_update=1.5699s (56.3%)
2026-03-18 11:50:03,443 - ACKLEY d=10 seed=7 - V1 - INFO - PSO start | seed=7 w=0.7 c1=1.5 c2=1.5 n_particles=80 max_iters=500
2026-03-18 11:50:06,428 - ACKLEY d=10 seed=7 - V1 - INFO - Early stop at iter=328 (no improvement for 50 iters)
2026-03-18 11:50:06,429 - ACKLEY d=10 seed=7 - V1 - INFO - PSO done  | best=5.247802e-12 | iters=329 | total=2.9856s | t_eval=2.0691s (69.3%) | t_update=0.8822s (29.5%)
2026-03-18 11:50:07,287 - ACKLEY d=10 seed=7 - RUN - INFO - V0  fit=5.247802e-12 iters=329 time=2.7895s eval=38.9% update=56.3%
2026-03-18 11:50:07,287 - ACKLEY d=10 seed=7 - RUN - INFO - V1  fit=5.247802e-12 iters=329 time=2.9856s eval=69.3% update=29.5% speedup=0.934x
2026-03-18 11:50:07,287 - ACKLEY d=10 seed=7 - RUN - INFO - PySwarm fit=2.153135e-07 time=0.8574s
2026-03-18 11:50:07,287 - ACKLEY d=10 seed=7 - RUN - INFO - Winner: V0 Sequential
2026-03-18 11:50:07,836 - ACKLEY d=30 seed=42 - RUN - INFO - Hyperparams: source=fixed_config w=0.7 c1=1.5 c2=1.5 n=80
2026-03-18 11:50:07,840 - ACKLEY d=30 seed=42 - V0 - INFO - PSO start | seed=42 w=0.7 c1=1.5 c2=1.5 n_particles=80 max_iters=500
2026-03-18 11:50:10,833 - ACKLEY d=30 seed=42 - V0 - INFO - Early stop at iter=416 (no improvement for 50 iters)
2026-03-18 11:50:10,834 - ACKLEY d=30 seed=42 - V0 - INFO - PSO done  | best=9.313046e-01 | iters=417 | total=2.9942s | t_eval=1.1268s (37.6%) | t_update=1.8089s (60.4%)
2026-03-18 11:50:10,841 - ACKLEY d=30 seed=42 - V1 - INFO - PSO start | seed=42 w=0.7 c1=1.5 c2=1.5 n_particles=80 max_iters=500
2026-03-18 11:50:15,039 - ACKLEY d=30 seed=42 - V1 - INFO - Early stop at iter=416 (no improvement for 50 iters)
2026-03-18 11:50:15,039 - ACKLEY d=30 seed=42 - V1 - INFO - PSO done  | best=9.313046e-01 | iters=417 | total=4.1980s | t_eval=2.9146s (69.4%) | t_update=1.2323s (29.4%)
2026-03-18 11:50:16,561 - ACKLEY d=30 seed=42 - RUN - INFO - V0  fit=9.313046e-01 iters=417 time=2.9942s eval=37.6% update=60.4%
2026-03-18 11:50:16,561 - ACKLEY d=30 seed=42 - RUN - INFO - V1  fit=9.313046e-01 iters=417 time=4.1980s eval=69.4% update=29.4% speedup=0.713x
2026-03-18 11:50:16,562 - ACKLEY d=30 seed=42 - RUN - INFO - PySwarm fit=1.046260e-04 time=1.5217s
2026-03-18 11:50:16,562 - ACKLEY d=30 seed=42 - RUN - INFO - Winner: PySwarm
2026-03-18 11:50:17,367 - ACKLEY d=30 seed=7 - RUN - INFO - Hyperparams: source=fixed_config w=0.7 c1=1.5 c2=1.5 n=80
2026-03-18 11:50:17,379 - ACKLEY d=30 seed=7 - V0 - INFO - PSO start | seed=7 w=0.7 c1=1.5 c2=1.5 n_particles=80 max_iters=500
2026-03-18 11:50:21,394 - ACKLEY d=30 seed=7 - V0 - INFO - PSO done  | best=3.197219e-07 | iters=500 | total=4.0153s | t_eval=1.6881s (42.0%) | t_update=2.2554s (56.2%)
2026-03-18 11:50:21,401 - ACKLEY d=30 seed=7 - V1 - INFO - PSO start | seed=7 w=0.7 c1=1.5 c2=1.5 n_particles=80 max_iters=500
2026-03-18 11:50:26,278 - ACKLEY d=30 seed=7 - V1 - INFO - PSO done  | best=3.197219e-07 | iters=500 | total=4.8778s | t_eval=3.3679s (69.0%) | t_update=1.4503s (29.7%)
2026-03-18 11:50:28,497 - ACKLEY d=30 seed=7 - RUN - INFO - V0  fit=3.197219e-07 iters=500 time=4.0153s eval=42.0% update=56.2%
2026-03-18 11:50:28,497 - ACKLEY d=30 seed=7 - RUN - INFO - V1  fit=3.197219e-07 iters=500 time=4.8778s eval=69.0% update=29.7% speedup=0.823x
2026-03-18 11:50:28,497 - ACKLEY d=30 seed=7 - RUN - INFO - PySwarm fit=3.772758e+00 time=2.2174s
2026-03-18 11:50:28,497 - ACKLEY d=30 seed=7 - RUN - INFO - Winner: V0 Sequential
2026-03-18 11:50:29,377 - ROSENBROCK d=2 seed=42 - RUN - INFO - Hyperparams: source=fixed_config w=0.7 c1=1.5 c2=1.5 n=80
2026-03-18 11:50:29,385 - ROSENBROCK d=2 seed=42 - V0 - INFO - PSO start | seed=42 w=0.7 c1=1.5 c2=1.5 n_particles=80 max_iters=500
2026-03-18 11:50:30,102 - ROSENBROCK d=2 seed=42 - V0 - INFO - Early stop at iter=183 (no improvement for 50 iters)
2026-03-18 11:50:30,102 - ROSENBROCK d=2 seed=42 - V0 - INFO - PSO done  | best=4.109227e-13 | iters=184 | total=0.7176s | t_eval=0.2568s (35.8%) | t_update=0.4485s (62.5%)
2026-03-18 11:50:30,106 - ROSENBROCK d=2 seed=42 - V1 - INFO - PSO start | seed=42 w=0.7 c1=1.5 c2=1.5 n_particles=80 max_iters=500
2026-03-18 11:50:32,006 - ROSENBROCK d=2 seed=42 - V1 - INFO - Early stop at iter=183 (no improvement for 50 iters)
2026-03-18 11:50:32,006 - ROSENBROCK d=2 seed=42 - V1 - INFO - PSO done  | best=4.109227e-13 | iters=184 | total=1.9005s | t_eval=1.3524s (71.2%) | t_update=0.5308s (27.9%)
2026-03-18 11:50:32,389 - ROSENBROCK d=2 seed=42 - RUN - INFO - V0  fit=4.109227e-13 iters=184 time=0.7176s eval=35.8% update=62.5%
2026-03-18 11:50:32,389 - ROSENBROCK d=2 seed=42 - RUN - INFO - V1  fit=4.109227e-13 iters=184 time=1.9005s eval=71.2% update=27.9% speedup=0.378x
2026-03-18 11:50:32,390 - ROSENBROCK d=2 seed=42 - RUN - INFO - PySwarm fit=1.033730e-07 time=0.3823s
2026-03-18 11:50:32,390 - ROSENBROCK d=2 seed=42 - RUN - INFO - Winner: V0 Sequential
2026-03-18 11:50:33,034 - ROSENBROCK d=2 seed=7 - RUN - INFO - Hyperparams: source=fixed_config w=0.7 c1=1.5 c2=1.5 n=80
2026-03-18 11:50:33,049 - ROSENBROCK d=2 seed=7 - V0 - INFO - PSO start | seed=7 w=0.7 c1=1.5 c2=1.5 n_particles=80 max_iters=500
2026-03-18 11:50:33,813 - ROSENBROCK d=2 seed=7 - V0 - INFO - Early stop at iter=174 (no improvement for 50 iters)
2026-03-18 11:50:33,813 - ROSENBROCK d=2 seed=7 - V0 - INFO - PSO done  | best=3.326725e-12 | iters=175 | total=0.7634s | t_eval=0.2716s (35.6%) | t_update=0.4778s (62.6%)
2026-03-18 11:50:33,822 - ROSENBROCK d=2 seed=7 - V1 - INFO - PSO start | seed=7 w=0.7 c1=1.5 c2=1.5 n_particles=80 max_iters=500
2026-03-18 11:50:36,381 - ROSENBROCK d=2 seed=7 - V1 - INFO - Early stop at iter=174 (no improvement for 50 iters)
2026-03-18 11:50:36,381 - ROSENBROCK d=2 seed=7 - V1 - INFO - PSO done  | best=3.326725e-12 | iters=175 | total=2.5590s | t_eval=1.8290s (71.5%) | t_update=0.7061s (27.6%)
2026-03-18 11:50:36,915 - ROSENBROCK d=2 seed=7 - RUN - INFO - V0  fit=3.326725e-12 iters=175 time=0.7634s eval=35.6% update=62.6%
2026-03-18 11:50:36,915 - ROSENBROCK d=2 seed=7 - RUN - INFO - V1  fit=3.326725e-12 iters=175 time=2.5590s eval=71.5% update=27.6% speedup=0.298x
2026-03-18 11:50:36,915 - ROSENBROCK d=2 seed=7 - RUN - INFO - PySwarm fit=1.253877e-08 time=0.5332s
2026-03-18 11:50:36,916 - ROSENBROCK d=2 seed=7 - RUN - INFO - Winner: V0 Sequential
2026-03-18 11:50:37,576 - ROSENBROCK d=10 seed=42 - RUN - INFO - Hyperparams: source=fixed_config w=0.7 c1=1.5 c2=1.5 n=80
2026-03-18 11:50:37,585 - ROSENBROCK d=10 seed=42 - V0 - INFO - PSO start | seed=42 w=0.7 c1=1.5 c2=1.5 n_particles=80 max_iters=500
2026-03-18 11:50:40,635 - ROSENBROCK d=10 seed=42 - V0 - INFO - PSO done  | best=1.193908e+00 | iters=500 | total=3.0499s | t_eval=1.0500s (34.4%) | t_update=1.9472s (63.8%)
2026-03-18 11:50:40,641 - ROSENBROCK d=10 seed=42 - V1 - INFO - PSO start | seed=42 w=0.7 c1=1.5 c2=1.5 n_particles=80 max_iters=500
2026-03-18 11:50:45,150 - ROSENBROCK d=10 seed=42 - V1 - INFO - PSO done  | best=1.193908e+00 | iters=500 | total=4.5090s | t_eval=3.1158s (69.1%) | t_update=1.3443s (29.8%)
2026-03-18 11:50:47,204 - ROSENBROCK d=10 seed=42 - RUN - INFO - V0  fit=1.193908e+00 iters=500 time=3.0499s eval=34.4% update=63.8%
2026-03-18 11:50:47,205 - ROSENBROCK d=10 seed=42 - RUN - INFO - V1  fit=1.193908e+00 iters=500 time=4.5090s eval=69.1% update=29.8% speedup=0.676x
2026-03-18 11:50:47,205 - ROSENBROCK d=10 seed=42 - RUN - INFO - PySwarm fit=1.560326e+00 time=2.0539s
2026-03-18 11:50:47,205 - ROSENBROCK d=10 seed=42 - RUN - INFO - Winner: V0 Sequential
2026-03-18 11:50:48,093 - ROSENBROCK d=10 seed=7 - RUN - INFO - Hyperparams: source=fixed_config w=0.7 c1=1.5 c2=1.5 n=80
2026-03-18 11:50:48,117 - ROSENBROCK d=10 seed=7 - V0 - INFO - PSO start | seed=7 w=0.7 c1=1.5 c2=1.5 n_particles=80 max_iters=500
2026-03-18 11:50:54,093 - ROSENBROCK d=10 seed=7 - V0 - INFO - PSO done  | best=1.359677e+00 | iters=500 | total=5.9768s | t_eval=2.3541s (39.4%) | t_update=3.4837s (58.3%)
2026-03-18 11:50:54,099 - ROSENBROCK d=10 seed=7 - V1 - INFO - PSO start | seed=7 w=0.7 c1=1.5 c2=1.5 n_particles=80 max_iters=500
2026-03-18 11:50:57,906 - ROSENBROCK d=10 seed=7 - V1 - INFO - PSO done  | best=1.359677e+00 | iters=500 | total=3.8068s | t_eval=2.5921s (68.1%) | t_update=1.1717s (30.8%)
2026-03-18 11:51:02,156 - ROSENBROCK d=10 seed=7 - RUN - INFO - V0  fit=1.359677e+00 iters=500 time=5.9768s eval=39.4% update=58.3%
2026-03-18 11:51:02,157 - ROSENBROCK d=10 seed=7 - RUN - INFO - V1  fit=1.359677e+00 iters=500 time=3.8068s eval=68.1% update=30.8% speedup=1.570x
2026-03-18 11:51:02,157 - ROSENBROCK d=10 seed=7 - RUN - INFO - PySwarm fit=1.217327e+00 time=4.2496s
2026-03-18 11:51:02,157 - ROSENBROCK d=10 seed=7 - RUN - INFO - Winner: PySwarm
2026-03-18 11:51:03,503 - ROSENBROCK d=30 seed=42 - RUN - INFO - Hyperparams: source=fixed_config w=0.7 c1=1.5 c2=1.5 n=80
2026-03-18 11:51:03,512 - ROSENBROCK d=30 seed=42 - V0 - INFO - PSO start | seed=42 w=0.7 c1=1.5 c2=1.5 n_particles=80 max_iters=500
2026-03-18 11:51:08,049 - ROSENBROCK d=30 seed=42 - V0 - INFO - PSO done  | best=2.699329e+01 | iters=500 | total=4.5371s | t_eval=1.3454s (29.7%) | t_update=2.8357s (62.5%)
2026-03-18 11:51:08,056 - ROSENBROCK d=30 seed=42 - V1 - INFO - PSO start | seed=42 w=0.7 c1=1.5 c2=1.5 n_particles=80 max_iters=500
2026-03-18 11:51:12,454 - ROSENBROCK d=30 seed=42 - V1 - INFO - PSO done  | best=2.699329e+01 | iters=500 | total=4.3979s | t_eval=3.0036s (68.3%) | t_update=1.3431s (30.5%)
2026-03-18 11:51:14,916 - ROSENBROCK d=30 seed=42 - RUN - INFO - V0  fit=2.699329e+01 iters=500 time=4.5371s eval=29.7% update=62.5%
2026-03-18 11:51:14,916 - ROSENBROCK d=30 seed=42 - RUN - INFO - V1  fit=2.699329e+01 iters=500 time=4.3979s eval=68.3% update=30.5% speedup=1.032x
2026-03-18 11:51:14,916 - ROSENBROCK d=30 seed=42 - RUN - INFO - PySwarm fit=2.408613e+01 time=2.4610s
2026-03-18 11:51:14,917 - ROSENBROCK d=30 seed=42 - RUN - INFO - Winner: PySwarm
2026-03-18 11:51:15,653 - ROSENBROCK d=30 seed=7 - RUN - INFO - Hyperparams: source=fixed_config w=0.7 c1=1.5 c2=1.5 n=80
2026-03-18 11:51:15,659 - ROSENBROCK d=30 seed=7 - V0 - INFO - PSO start | seed=7 w=0.7 c1=1.5 c2=1.5 n_particles=80 max_iters=500
2026-03-18 11:51:18,465 - ROSENBROCK d=30 seed=7 - V0 - INFO - PSO done  | best=2.260674e+01 | iters=500 | total=2.8063s | t_eval=1.0294s (36.7%) | t_update=1.7163s (61.2%)
2026-03-18 11:51:18,471 - ROSENBROCK d=30 seed=7 - V1 - INFO - PSO start | seed=7 w=0.7 c1=1.5 c2=1.5 n_particles=80 max_iters=500
2026-03-18 11:51:23,380 - ROSENBROCK d=30 seed=7 - V1 - INFO - PSO done  | best=2.260674e+01 | iters=500 | total=4.9083s | t_eval=3.3427s (68.1%) | t_update=1.5042s (30.6%)
2026-03-18 11:51:26,066 - ROSENBROCK d=30 seed=7 - RUN - INFO - V0  fit=2.260674e+01 iters=500 time=2.8063s eval=36.7% update=61.2%
2026-03-18 11:51:26,066 - ROSENBROCK d=30 seed=7 - RUN - INFO - V1  fit=2.260674e+01 iters=500 time=4.9083s eval=68.1% update=30.6% speedup=0.572x
2026-03-18 11:51:26,067 - ROSENBROCK d=30 seed=7 - RUN - INFO - PySwarm fit=1.986001e+01 time=2.6856s
2026-03-18 11:51:26,067 - ROSENBROCK d=30 seed=7 - RUN - INFO - Winner: PySwarm
2026-03-18 11:51:26,902 - RASTRIGIN d=2 seed=42 - RUN - INFO - Hyperparams: source=fixed_config w=0.7 c1=1.5 c2=1.5 n=80
2026-03-18 11:51:26,907 - RASTRIGIN d=2 seed=42 - V0 - INFO - PSO start | seed=42 w=0.7 c1=1.5 c2=1.5 n_particles=80 max_iters=500
2026-03-18 11:51:27,567 - RASTRIGIN d=2 seed=42 - V0 - INFO - Early stop at iter=135 (no improvement for 50 iters)
2026-03-18 11:51:27,567 - RASTRIGIN d=2 seed=42 - V0 - INFO - PSO done  | best=0.000000e+00 | iters=136 | total=0.6602s | t_eval=0.2076s (31.4%) | t_update=0.4384s (66.4%)
2026-03-18 11:51:27,577 - RASTRIGIN d=2 seed=42 - V1 - INFO - PSO start | seed=42 w=0.7 c1=1.5 c2=1.5 n_particles=80 max_iters=500
2026-03-18 11:51:29,109 - RASTRIGIN d=2 seed=42 - V1 - INFO - Early stop at iter=135 (no improvement for 50 iters)
2026-03-18 11:51:29,110 - RASTRIGIN d=2 seed=42 - V1 - INFO - PSO done  | best=0.000000e+00 | iters=136 | total=1.5324s | t_eval=1.0472s (68.3%) | t_update=0.4689s (30.6%)
2026-03-18 11:51:29,444 - RASTRIGIN d=2 seed=42 - RUN - INFO - V0  fit=0.000000e+00 iters=136 time=0.6602s eval=31.4% update=66.4%
2026-03-18 11:51:29,444 - RASTRIGIN d=2 seed=42 - RUN - INFO - V1  fit=0.000000e+00 iters=136 time=1.5324s eval=68.3% update=30.6% speedup=0.431x
2026-03-18 11:51:29,444 - RASTRIGIN d=2 seed=42 - RUN - INFO - PySwarm fit=6.731363e-07 time=0.3335s
2026-03-18 11:51:29,444 - RASTRIGIN d=2 seed=42 - RUN - INFO - Winner: V0 Sequential
2026-03-18 11:51:30,237 - RASTRIGIN d=2 seed=7 - RUN - INFO - Hyperparams: source=fixed_config w=0.7 c1=1.5 c2=1.5 n=80
2026-03-18 11:51:30,243 - RASTRIGIN d=2 seed=7 - V0 - INFO - PSO start | seed=7 w=0.7 c1=1.5 c2=1.5 n_particles=80 max_iters=500
2026-03-18 11:51:31,605 - RASTRIGIN d=2 seed=7 - V0 - INFO - Early stop at iter=130 (no improvement for 50 iters)
2026-03-18 11:51:31,606 - RASTRIGIN d=2 seed=7 - V0 - INFO - PSO done  | best=0.000000e+00 | iters=131 | total=1.3628s | t_eval=0.5614s (41.2%) | t_update=0.7795s (57.2%)
2026-03-18 11:51:31,617 - RASTRIGIN d=2 seed=7 - V1 - INFO - PSO start | seed=7 w=0.7 c1=1.5 c2=1.5 n_particles=80 max_iters=500
2026-03-18 11:51:32,799 - RASTRIGIN d=2 seed=7 - V1 - INFO - Early stop at iter=130 (no improvement for 50 iters)
2026-03-18 11:51:32,800 - RASTRIGIN d=2 seed=7 - V1 - INFO - PSO done  | best=0.000000e+00 | iters=131 | total=1.1825s | t_eval=0.7795s (65.9%) | t_update=0.3883s (32.8%)
2026-03-18 11:51:33,114 - RASTRIGIN d=2 seed=7 - RUN - INFO - V0  fit=0.000000e+00 iters=131 time=1.3628s eval=41.2% update=57.2%
2026-03-18 11:51:33,114 - RASTRIGIN d=2 seed=7 - RUN - INFO - V1  fit=0.000000e+00 iters=131 time=1.1825s eval=65.9% update=32.8% speedup=1.152x
2026-03-18 11:51:33,114 - RASTRIGIN d=2 seed=7 - RUN - INFO - PySwarm fit=5.145750e-10 time=0.3138s
2026-03-18 11:51:33,114 - RASTRIGIN d=2 seed=7 - RUN - INFO - Winner: V1 Threading
2026-03-18 11:51:33,584 - RASTRIGIN d=10 seed=42 - RUN - INFO - Hyperparams: source=fixed_config w=0.7 c1=1.5 c2=1.5 n=80
2026-03-18 11:51:33,589 - RASTRIGIN d=10 seed=42 - V0 - INFO - PSO start | seed=42 w=0.7 c1=1.5 c2=1.5 n_particles=80 max_iters=500
2026-03-18 11:51:35,151 - RASTRIGIN d=10 seed=42 - V0 - INFO - Early stop at iter=305 (no improvement for 50 iters)
2026-03-18 11:51:35,152 - RASTRIGIN d=10 seed=42 - V0 - INFO - PSO done  | best=5.969754e+00 | iters=306 | total=1.5631s | t_eval=0.5336s (34.1%) | t_update=0.9932s (63.5%)
2026-03-18 11:51:35,161 - RASTRIGIN d=10 seed=42 - V1 - INFO - PSO start | seed=42 w=0.7 c1=1.5 c2=1.5 n_particles=80 max_iters=500
2026-03-18 11:51:37,569 - RASTRIGIN d=10 seed=42 - V1 - INFO - Early stop at iter=305 (no improvement for 50 iters)
2026-03-18 11:51:37,569 - RASTRIGIN d=10 seed=42 - V1 - INFO - PSO done  | best=5.969754e+00 | iters=306 | total=2.4087s | t_eval=1.6128s (67.0%) | t_update=0.7663s (31.8%)
2026-03-18 11:51:38,582 - RASTRIGIN d=10 seed=42 - RUN - INFO - V0  fit=5.969754e+00 iters=306 time=1.5631s eval=34.1% update=63.5%
2026-03-18 11:51:38,583 - RASTRIGIN d=10 seed=42 - RUN - INFO - V1  fit=5.969754e+00 iters=306 time=2.4087s eval=67.0% update=31.8% speedup=0.649x
2026-03-18 11:51:38,583 - RASTRIGIN d=10 seed=42 - RUN - INFO - PySwarm fit=7.959667e+00 time=1.0124s
2026-03-18 11:51:38,583 - RASTRIGIN d=10 seed=42 - RUN - INFO - Winner: V0 Sequential
2026-03-18 11:51:39,617 - RASTRIGIN d=10 seed=7 - RUN - INFO - Hyperparams: source=fixed_config w=0.7 c1=1.5 c2=1.5 n=80
2026-03-18 11:51:39,636 - RASTRIGIN d=10 seed=7 - V0 - INFO - PSO start | seed=7 w=0.7 c1=1.5 c2=1.5 n_particles=80 max_iters=500
2026-03-18 11:51:41,612 - RASTRIGIN d=10 seed=7 - V0 - INFO - Early stop at iter=289 (no improvement for 50 iters)
2026-03-18 11:51:41,615 - RASTRIGIN d=10 seed=7 - V0 - INFO - PSO done  | best=1.293444e+01 | iters=290 | total=1.9790s | t_eval=0.6128s (31.0%) | t_update=1.3126s (66.3%)
2026-03-18 11:51:41,619 - RASTRIGIN d=10 seed=7 - V1 - INFO - PSO start | seed=7 w=0.7 c1=1.5 c2=1.5 n_particles=80 max_iters=500
2026-03-18 11:51:43,768 - RASTRIGIN d=10 seed=7 - V1 - INFO - Early stop at iter=289 (no improvement for 50 iters)
2026-03-18 11:51:43,768 - RASTRIGIN d=10 seed=7 - V1 - INFO - PSO done  | best=1.293444e+01 | iters=290 | total=2.1490s | t_eval=1.4512s (67.5%) | t_update=0.6710s (31.2%)
2026-03-18 11:51:44,899 - RASTRIGIN d=10 seed=7 - RUN - INFO - V0  fit=1.293444e+01 iters=290 time=1.9790s eval=31.0% update=66.3%
2026-03-18 11:51:44,899 - RASTRIGIN d=10 seed=7 - RUN - INFO - V1  fit=1.293444e+01 iters=290 time=2.1490s eval=67.5% update=31.2% speedup=0.921x
2026-03-18 11:51:44,899 - RASTRIGIN d=10 seed=7 - RUN - INFO - PySwarm fit=6.964709e+00 time=1.1308s
2026-03-18 11:51:44,899 - RASTRIGIN d=10 seed=7 - RUN - INFO - Winner: PySwarm
2026-03-18 11:51:45,560 - RASTRIGIN d=30 seed=42 - RUN - INFO - Hyperparams: source=fixed_config w=0.7 c1=1.5 c2=1.5 n=80
2026-03-18 11:51:45,571 - RASTRIGIN d=30 seed=42 - V0 - INFO - PSO start | seed=42 w=0.7 c1=1.5 c2=1.5 n_particles=80 max_iters=500
2026-03-18 11:51:49,460 - RASTRIGIN d=30 seed=42 - V0 - INFO - Early stop at iter=479 (no improvement for 50 iters)
2026-03-18 11:51:49,461 - RASTRIGIN d=30 seed=42 - V0 - INFO - PSO done  | best=8.457135e+01 | iters=480 | total=3.8895s | t_eval=1.2769s (32.8%) | t_update=2.5351s (65.2%)
2026-03-18 11:51:49,465 - RASTRIGIN d=30 seed=42 - V1 - INFO - PSO start | seed=42 w=0.7 c1=1.5 c2=1.5 n_particles=80 max_iters=500
2026-03-18 11:51:53,742 - RASTRIGIN d=30 seed=42 - V1 - INFO - Early stop at iter=479 (no improvement for 50 iters)
2026-03-18 11:51:53,742 - RASTRIGIN d=30 seed=42 - V1 - INFO - PSO done  | best=8.457135e+01 | iters=480 | total=4.2769s | t_eval=2.8169s (65.9%) | t_update=1.4009s (32.8%)
2026-03-18 11:51:55,985 - RASTRIGIN d=30 seed=42 - RUN - INFO - V0  fit=8.457135e+01 iters=480 time=3.8895s eval=32.8% update=65.2%
2026-03-18 11:51:55,985 - RASTRIGIN d=30 seed=42 - RUN - INFO - V1  fit=8.457135e+01 iters=480 time=4.2769s eval=65.9% update=32.8% speedup=0.909x
2026-03-18 11:51:55,985 - RASTRIGIN d=30 seed=42 - RUN - INFO - PySwarm fit=1.154147e+02 time=2.2423s
2026-03-18 11:51:55,985 - RASTRIGIN d=30 seed=42 - RUN - INFO - Winner: V0 Sequential
2026-03-18 11:51:56,591 - RASTRIGIN d=30 seed=7 - RUN - INFO - Hyperparams: source=fixed_config w=0.7 c1=1.5 c2=1.5 n=80
2026-03-18 11:51:56,595 - RASTRIGIN d=30 seed=7 - V0 - INFO - PSO start | seed=7 w=0.7 c1=1.5 c2=1.5 n_particles=80 max_iters=500
2026-03-18 11:51:59,061 - RASTRIGIN d=30 seed=7 - V0 - INFO - Early stop at iter=494 (no improvement for 50 iters)
2026-03-18 11:51:59,061 - RASTRIGIN d=30 seed=7 - V0 - INFO - PSO done  | best=3.183867e+01 | iters=495 | total=2.4663s | t_eval=0.8268s (33.5%) | t_update=1.5838s (64.2%)
2026-03-18 11:51:59,066 - RASTRIGIN d=30 seed=7 - V1 - INFO - PSO start | seed=7 w=0.7 c1=1.5 c2=1.5 n_particles=80 max_iters=500
2026-03-18 11:52:03,766 - RASTRIGIN d=30 seed=7 - V1 - INFO - Early stop at iter=494 (no improvement for 50 iters)
2026-03-18 11:52:03,767 - RASTRIGIN d=30 seed=7 - V1 - INFO - PSO done  | best=3.183867e+01 | iters=495 | total=4.7013s | t_eval=3.1826s (67.7%) | t_update=1.4580s (31.0%)
2026-03-18 11:52:05,257 - RASTRIGIN d=30 seed=7 - RUN - INFO - V0  fit=3.183867e+01 iters=495 time=2.4663s eval=33.5% update=64.2%
2026-03-18 11:52:05,258 - RASTRIGIN d=30 seed=7 - RUN - INFO - V1  fit=3.183867e+01 iters=495 time=4.7013s eval=67.7% update=31.0% speedup=0.525x
2026-03-18 11:52:05,258 - RASTRIGIN d=30 seed=7 - RUN - INFO - PySwarm fit=7.462159e+01 time=1.4899s
2026-03-18 11:52:05,258 - RASTRIGIN d=30 seed=7 - RUN - INFO - Winner: V0 Sequential
